Date,Open,High,Low,Close,Adj Close,Volume
2012-05-31,18.719999313354492,19.299999237060547,18.479999542236328,19.030000686645508,16.208288192749023,3228600
2012-06-01,18.610000610351562,18.649999618530273,17.979999542236328,18.219999313354492,15.51839542388916,4400300
2012-06-04,17.90999984741211,18.270000457763672,17.489999771118164,17.610000610351562,14.998841285705566,4269100
2012-06-05,17.93000030517578,18.18000030517578,17.700000762939453,17.809999465942383,15.16918659210205,4485500
2012-06-06,18.030000686645508,18.399999618530273,17.90999984741211,18.350000381469727,15.629117012023926,3703300
2012-06-07,18.610000610351562,18.81999969482422,18.219999313354492,18.309999465942383,15.595049858093262,2626600
2012-06-08,18.229999542236328,18.459999084472656,17.899999618530273,18.399999618530273,15.671706199645996,2228000
2012-06-11,18.59000015258789,18.65999984741211,17.68000030517578,17.719999313354492,15.092533111572266,2794100
2012-06-12,17.780000686645508,18.06999969482422,17.450000762939453,18.06999969482422,15.390631675720215,2418100
2012-06-13,17.93000030517578,18.290000915527344,17.780000686645508,17.90999984741211,15.254358291625977,1932100
2012-06-14,17.940000534057617,18.399999618530273,17.8799991607666,18.360000610351562,15.637639999389648,2060200
2012-06-15,18.34000015258789,18.780000686645508,18.219999313354492,18.700000762939453,15.927220344543457,3039100
2012-06-18,18.56999969482422,18.889999389648438,18.420000076293945,18.84000015258789,16.046466827392578,2432800
2012-06-19,19.010000228881836,19.600000381469727,19.0,19.469999313354492,16.583049774169922,4117800
2012-06-20,19.420000076293945,19.899999618530273,19.399999618530273,19.6200008392334,16.710813522338867,4030700
2012-06-21,19.649999618530273,19.799999237060547,18.940000534057617,18.979999542236328,16.165699005126953,2044500
2012-06-22,19.100000381469727,19.25,19.020000457763672,19.1299991607666,16.293460845947266,1870900
2012-06-25,18.860000610351562,18.860000610351562,18.329999923706055,18.450000762939453,15.714288711547852,2572100
2012-06-26,18.450000762939453,18.940000534057617,18.350000381469727,18.790000915527344,16.00387954711914,2933100
2012-06-27,18.850000381469727,19.229999542236328,18.649999618530273,19.200000762939453,16.353084564208984,1708000
2012-06-28,19.020000457763672,19.079999923706055,18.549999237060547,18.989999771118164,16.174219131469727,2709700
2012-06-29,19.40999984741211,19.479999542236328,19.219999313354492,19.420000076293945,16.540462493896484,2321800
2012-07-02,19.520000457763672,19.670000076293945,19.1299991607666,19.6299991607666,16.71932029724121,2243500
2012-07-03,19.6299991607666,19.81999969482422,19.540000915527344,19.700000762939453,16.778940200805664,827200
2012-07-05,19.68000030517578,19.68000030517578,19.360000610351562,19.420000076293945,16.540462493896484,1911400
2012-07-06,19.209999084472656,19.479999542236328,19.010000228881836,19.389999389648438,16.51490592956543,1744700
2012-07-09,19.3700008392334,19.450000762939453,19.0,19.100000381469727,16.267908096313477,2000000
2012-07-10,19.309999465942383,19.420000076293945,18.639999389648438,18.780000686645508,15.995355606079102,2668200
2012-07-11,18.760000228881836,19.0,18.59000015258789,18.93000030517578,16.12311553955078,3311300
2012-07-12,18.790000915527344,18.81999969482422,18.489999771118164,18.639999389648438,15.876117706298828,2024700
2012-07-13,18.670000076293945,19.09000015258789,18.65999984741211,19.020000457763672,16.199779510498047,2092200
2012-07-16,18.979999542236328,19.280000686645508,18.899999618530273,19.049999237060547,16.225322723388672,1507900
2012-07-17,19.229999542236328,19.479999542236328,18.889999389648438,19.43000030517578,16.54897689819336,1806500
2012-07-18,19.389999389648438,19.6299991607666,19.219999313354492,19.450000762939453,16.566015243530273,2881400
2012-07-19,19.520000457763672,19.670000076293945,19.190000534057617,19.239999771118164,16.38715362548828,1986400
2012-07-20,19.100000381469727,19.110000610351562,18.700000762939453,18.729999542236328,15.952773094177246,2610400
2012-07-23,18.469999313354492,18.639999389648438,18.219999313354492,18.56999969482422,15.816492080688477,2986100
2012-07-24,18.139999389648438,18.420000076293945,17.579999923706055,17.959999084472656,15.296941757202148,6678900
2012-07-25,17.979999542236328,18.18000030517578,17.809999465942383,17.8799991607666,15.228804588317871,2424800
2012-07-26,18.209999084472656,18.31999969482422,17.899999618530273,18.079999923706055,15.399150848388672,3786200
2012-07-27,18.18000030517578,18.649999618530273,18.049999237060547,18.479999542236328,15.739840507507324,3243300
2012-07-30,18.479999542236328,18.6200008392334,18.190000534057617,18.299999237060547,15.586533546447754,2798300
2012-07-31,18.239999771118164,18.43000030517578,18.200000762939453,18.200000762939453,15.501358032226562,2073600
2012-08-01,18.290000915527344,18.450000762939453,18.190000534057617,18.280000686645508,15.569501876831055,2394600
2012-08-02,18.18000030517578,18.40999984741211,17.81999969482422,18.049999237060547,15.3735990524292,2398200
2012-08-03,18.329999923706055,19.06999969482422,18.329999923706055,18.93000030517578,16.12311553955078,2398000
2012-08-06,19.100000381469727,19.209999084472656,18.790000915527344,18.81999969482422,16.02943229675293,1263400
2012-08-07,18.950000762939453,19.25,18.81999969482422,19.049999237060547,16.225322723388672,1763800
2012-08-08,18.920000076293945,19.139999389648438,18.90999984741211,19.030000686645508,16.208288192749023,1404100
2012-08-09,19.0,19.110000610351562,18.899999618530273,19.040000915527344,16.216806411743164,778300
2012-08-10,18.959999084472656,18.979999542236328,18.690000534057617,18.8700008392334,16.07201385498047,1176800
2012-08-13,18.780000686645508,18.799999237060547,18.5,18.729999542236328,15.952773094177246,1640000
2012-08-14,18.75,19.040000915527344,18.729999542236328,18.809999465942383,16.02090835571289,1305100
2012-08-15,18.799999237060547,19.18000030517578,18.790000915527344,19.15999984741211,16.319015502929688,2082300
2012-08-16,19.170000076293945,19.299999237060547,19.06999969482422,19.229999542236328,16.378631591796875,1182700
2012-08-17,19.299999237060547,19.739999771118164,19.110000610351562,19.700000762939453,16.778940200805664,2130200
2012-08-20,19.6200008392334,19.639999389648438,19.399999618530273,19.5,16.608598709106445,1897400
2012-08-21,19.579999923706055,19.809999465942383,19.43000030517578,19.479999542236328,16.600080490112305,1941700
2012-08-22,19.459999084472656,19.709999084472656,19.270000457763672,19.329999923706055,16.472257614135742,1391700
2012-08-23,19.309999465942383,19.3799991607666,18.959999084472656,19.010000228881836,16.199565887451172,1007700
2012-08-24,18.959999084472656,19.209999084472656,18.940000534057617,19.139999389648438,16.31034278869629,1072900
2012-08-27,19.260000228881836,19.34000015258789,18.989999771118164,19.059999465942383,16.242170333862305,589900
2012-08-28,19.040000915527344,19.360000610351562,18.959999084472656,19.209999084472656,16.369991302490234,875500
2012-08-29,19.209999084472656,19.3700008392334,19.139999389648438,19.299999237060547,16.446685791015625,1071000
2012-08-30,19.170000076293945,19.290000915527344,19.010000228881836,19.209999084472656,16.369991302490234,855600
2012-08-31,19.31999969482422,19.40999984741211,19.139999389648438,19.25,16.404083251953125,1209700
2012-09-04,19.190000534057617,19.420000076293945,19.059999465942383,19.329999923706055,16.472257614135742,1057500
2012-09-05,19.299999237060547,19.43000030517578,19.139999389648438,19.360000610351562,16.497814178466797,1160100
2012-09-06,19.510000228881836,19.979999542236328,19.459999084472656,19.729999542236328,16.813119888305664,2154000
2012-09-07,19.780000686645508,20.3700008392334,19.760000228881836,20.299999237060547,17.298852920532227,2653500
2012-09-10,20.25,20.309999465942383,20.0,20.010000228881836,17.05171775817871,1727100
2012-09-11,20.040000915527344,20.190000534057617,19.93000030517578,20.030000686645508,17.068769454956055,1581500
2012-09-12,20.190000534057617,20.700000762939453,20.149999618530273,20.440000534057617,17.418148040771484,3191800
2012-09-13,20.420000076293945,21.139999389648438,20.25,20.940000534057617,17.844226837158203,2699800
2012-09-14,21.100000381469727,21.68000030517578,21.030000686645508,21.350000381469727,18.193614959716797,3343800
2012-09-17,21.290000915527344,21.350000381469727,21.079999923706055,21.200000762939453,18.065792083740234,2052200
2012-09-18,21.110000610351562,21.280000686645508,21.030000686645508,21.06999969482422,17.955015182495117,1470600
2012-09-19,21.06999969482422,21.559999465942383,21.0,21.149999618530273,18.0231876373291,2740200
2012-09-20,20.899999618530273,20.989999771118164,20.600000381469727,20.799999237060547,17.724931716918945,2053400
2012-09-21,21.3700008392334,21.3700008392334,20.84000015258789,20.8700008392334,17.78458023071289,2703400
2012-09-24,20.760000228881836,21.15999984741211,20.6200008392334,21.020000457763672,17.912405014038086,1296300
2012-09-25,20.979999542236328,21.100000381469727,20.290000915527344,20.329999923706055,17.32441520690918,2255200
2012-09-26,20.34000015258789,20.610000610351562,20.149999618530273,20.3700008392334,17.358505249023438,3082800
2012-09-27,20.540000915527344,20.889999389648438,20.420000076293945,20.6299991607666,17.580060958862305,2526100
2012-09-28,20.510000228881836,20.729999542236328,20.389999389648438,20.65999984741211,17.605623245239258,2178900
2012-10-01,20.790000915527344,21.190000534057617,20.719999313354492,20.790000915527344,17.716413497924805,2869000
2012-10-02,20.799999237060547,20.899999618530273,20.59000015258789,20.809999465942383,17.73344612121582,2163900
2012-10-03,20.889999389648438,21.18000030517578,20.68000030517578,21.170000076293945,18.04022789001465,2398800
2012-10-04,21.31999969482422,22.0,21.239999771118164,21.760000228881836,18.54300880432129,3545100
2012-10-05,21.989999771118164,22.350000381469727,21.8700008392334,21.979999542236328,18.730472564697266,4633300
2012-10-08,21.84000015258789,21.889999389648438,21.700000762939453,21.81999969482422,18.594131469726562,1623400
2012-10-09,21.760000228881836,22.030000686645508,21.6299991607666,21.760000228881836,18.54300880432129,2874800
2012-10-10,21.700000762939453,21.889999389648438,21.559999465942383,21.860000610351562,18.628219604492188,2032600
2012-10-11,22.0,22.65999984741211,21.979999542236328,22.520000457763672,19.190643310546875,3714800
2012-10-12,22.239999771118164,22.290000915527344,21.809999465942383,21.979999542236328,18.730472564697266,3405600
2012-10-15,22.0,22.219999313354492,21.889999389648438,22.200000762939453,18.917951583862305,2458000
2012-10-16,22.290000915527344,22.559999465942383,21.739999771118164,21.899999618530273,18.662309646606445,3102000
2012-10-17,21.989999771118164,22.329999923706055,21.729999542236328,22.059999465942383,18.798648834228516,3060700
2012-10-18,22.040000915527344,22.18000030517578,21.43000030517578,21.479999542236328,18.30440330505371,4611400
2012-10-19,21.65999984741211,21.780000686645508,21.290000915527344,21.450000762939453,18.278831481933594,2980400
2012-10-22,21.469999313354492,21.559999465942383,21.190000534057617,21.450000762939453,18.278831481933594,3733800
2012-10-23,21.0,21.450000762939453,20.8799991607666,21.149999618530273,18.0231876373291,4391400
2012-10-24,21.139999389648438,21.549999237060547,21.139999389648438,21.309999465942383,18.159530639648438,2335800
2012-10-25,21.610000610351562,21.770000457763672,21.350000381469727,21.440000534057617,18.270313262939453,1830700
2012-10-26,21.3700008392334,21.559999465942383,21.1200008392334,21.219999313354492,18.082836151123047,1617900
2012-10-31,21.360000610351562,21.559999465942383,21.079999923706055,21.479999542236328,18.30440330505371,2070000
2012-11-01,21.43000030517578,21.850000381469727,21.309999465942383,21.780000686645508,18.560047149658203,2043800
2012-11-02,21.899999618530273,22.010000228881836,21.3700008392334,21.420000076293945,18.25326919555664,1423800
2012-11-05,21.360000610351562,21.540000915527344,21.059999465942383,21.459999084472656,18.2873592376709,2233600
2012-11-06,21.520000457763672,21.860000610351562,21.510000228881836,21.65999984741211,18.457786560058594,2204800
2012-11-07,21.3700008392334,21.3700008392334,20.389999389648438,20.40999984741211,17.392589569091797,3804200
2012-11-08,20.420000076293945,20.68000030517578,20.059999465942383,20.079999923706055,17.111366271972656,2618900
2012-11-09,20.06999969482422,20.420000076293945,20.0,20.030000686645508,17.068769454956055,2579400
2012-11-12,20.149999618530273,20.190000534057617,19.84000015258789,20.020000457763672,17.060245513916016,1654200
2012-11-13,19.8700008392334,20.079999923706055,19.6299991607666,19.639999389648438,16.73642349243164,3487800
2012-11-14,19.649999618530273,19.799999237060547,19.25,19.329999923706055,16.472257614135742,2468200
2012-11-15,19.280000686645508,19.40999984741211,19.100000381469727,19.25,16.404083251953125,2122900
2012-11-16,19.299999237060547,19.59000015258789,19.030000686645508,19.549999237060547,16.659732818603516,2619600
2012-11-19,19.84000015258789,19.979999542236328,19.6200008392334,19.709999084472656,16.79607391357422,2177600
2012-11-20,19.639999389648438,20.06999969482422,19.540000915527344,20.030000686645508,17.077430725097656,1829000
2012-11-21,20.110000610351562,20.190000534057617,19.950000762939453,20.18000030517578,17.2053165435791,1432400
2012-11-23,20.270000457763672,20.65999984741211,20.219999313354492,20.65999984741211,17.614559173583984,772400
2012-11-26,20.6200008392334,20.770000457763672,20.459999084472656,20.709999084472656,17.657194137573242,3013300
2012-11-27,20.059999465942383,20.299999237060547,19.860000610351562,19.959999084472656,17.01774787902832,5383900
2012-11-28,19.780000686645508,20.1200008392334,19.780000686645508,20.040000915527344,17.08595848083496,3011000
2012-11-29,20.190000534057617,20.350000381469727,20.049999237060547,20.219999313354492,17.239425659179688,1872300
2012-11-30,20.239999771118164,20.489999771118164,20.010000228881836,20.06999969482422,17.11152458190918,2570600
2012-12-03,20.139999389648438,20.239999771118164,19.770000457763672,19.790000915527344,16.872806549072266,2375900
2012-12-04,19.860000610351562,19.989999771118164,19.510000228881836,19.610000610351562,16.719337463378906,2645800
2012-12-05,19.59000015258789,19.709999084472656,19.309999465942383,19.56999969482422,16.68524169921875,2762700
2012-12-06,19.559999465942383,19.65999984741211,19.3700008392334,19.540000915527344,16.65966033935547,3479800
2012-12-07,19.670000076293945,19.8799991607666,19.309999465942383,19.84000015258789,16.915435791015625,4596000
2012-12-10,19.780000686645508,20.270000457763672,19.670000076293945,19.950000762939453,17.009218215942383,3823000
2012-12-11,20.239999771118164,20.6200008392334,20.15999984741211,20.479999542236328,17.461091995239258,4307700
2012-12-12,20.579999923706055,20.860000610351562,20.510000228881836,20.600000381469727,17.563405990600586,2248500
2012-12-13,20.549999237060547,20.739999771118164,20.459999084472656,20.610000610351562,17.571924209594727,2304800
2012-12-14,20.59000015258789,20.719999313354492,20.549999237060547,20.600000381469727,17.563405990600586,2024200
2012-12-17,20.719999313354492,21.229999542236328,20.670000076293945,21.200000762939453,18.07496452331543,2453500
2012-12-18,21.329999923706055,21.610000610351562,21.25,21.59000015258789,18.407472610473633,3444900
2012-12-19,21.5,21.889999389648438,21.5,21.540000915527344,18.36484718322754,2551500
2012-12-20,21.59000015258789,21.93000030517578,21.559999465942383,21.920000076293945,18.688838958740234,2243400
2012-12-21,21.329999923706055,21.600000381469727,21.280000686645508,21.489999771118164,18.322214126586914,4336300
2012-12-24,21.540000915527344,21.68000030517578,21.010000228881836,21.40999984741211,18.254005432128906,603900
2012-12-26,21.5,21.670000076293945,21.209999084472656,21.25,18.117595672607422,1939800
2012-12-27,21.299999237060547,21.3700008392334,20.940000534057617,21.260000228881836,18.126113891601562,2298800
2012-12-28,21.059999465942383,21.31999969482422,21.0,21.1299991607666,18.01528549194336,2024500
2012-12-31,21.06999969482422,21.43000030517578,20.969999313354492,21.399999618530273,18.245479583740234,2225400
2013-01-02,21.8799991607666,22.0,21.780000686645508,21.989999771118164,18.748512268066406,2551100
2013-01-03,21.989999771118164,22.1299991607666,21.809999465942383,22.020000457763672,18.77408790588379,2267900
2013-01-04,22.020000457763672,22.790000915527344,21.969999313354492,22.649999618530273,19.311220169067383,3577700
2013-01-07,22.520000457763672,22.579999923706055,22.260000228881836,22.540000915527344,19.21744155883789,2286000
2013-01-08,22.5,22.530000686645508,22.06999969482422,22.09000015258789,18.83376693725586,3758600
2013-01-09,22.020000457763672,22.15999984741211,21.719999313354492,21.850000381469727,18.629148483276367,3031000
2013-01-10,21.610000610351562,21.950000762939453,21.59000015258789,21.950000762939453,18.714405059814453,2712800
2013-01-11,21.889999389648438,21.93000030517578,21.600000381469727,21.75,18.543888092041016,1766200
2013-01-14,21.729999542236328,21.860000610351562,21.559999465942383,21.860000610351562,18.637676239013672,1396800
2013-01-15,21.68000030517578,22.100000381469727,21.6200008392334,22.049999237060547,18.799667358398438,1969400
2013-01-16,22.020000457763672,22.440000534057617,21.989999771118164,22.309999465942383,19.02134132385254,2413900
2013-01-17,22.389999389648438,22.610000610351562,22.309999465942383,22.5,19.18333625793457,1992200
2013-01-18,22.670000076293945,22.690000534057617,22.139999389648438,22.549999237060547,19.225963592529297,1729200
2013-01-22,22.479999542236328,22.709999084472656,22.3799991607666,22.700000762939453,19.35385513305664,1455000
2013-01-23,22.729999542236328,22.739999771118164,22.469999313354492,22.579999923706055,19.251544952392578,1588100
2013-01-24,22.559999465942383,22.790000915527344,22.549999237060547,22.709999084472656,19.362375259399414,1574700
2013-01-25,22.739999771118164,23.059999465942383,22.65999984741211,22.979999542236328,19.592580795288086,3090700
2013-01-28,22.959999084472656,23.020000457763672,22.68000030517578,22.889999389648438,19.515838623046875,3442300
2013-01-29,22.969999313354492,23.06999969482422,22.6200008392334,22.739999771118164,19.387958526611328,3930200
2013-01-30,22.790000915527344,23.600000381469727,22.65999984741211,23.540000915527344,20.070026397705078,4806100
2013-01-31,22.860000610351562,23.489999771118164,22.68000030517578,23.31999969482422,19.882461547851562,2716500
2013-02-01,23.5,24.030000686645508,23.5,23.93000030517578,20.402542114257812,2650000
2013-02-04,23.760000228881836,23.850000381469727,23.559999465942383,23.6200008392334,20.138235092163086,2283500
2013-02-05,23.770000457763672,24.06999969482422,23.719999313354492,24.040000915527344,20.4963321685791,2449500
2013-02-06,23.8799991607666,24.209999084472656,23.829999923706055,24.040000915527344,20.4963321685791,2690100
2013-02-07,24.020000457763672,24.139999389648438,23.75,23.959999084472656,20.428115844726562,2162100
2013-02-08,24.030000686645508,24.209999084472656,23.950000762939453,24.139999389648438,20.581581115722656,2104500
2013-02-11,24.139999389648438,24.299999237060547,23.989999771118164,24.209999084472656,20.641260147094727,1839700
2013-02-12,24.280000686645508,24.56999969482422,24.139999389648438,24.489999771118164,20.87999725341797,2603200
2013-02-13,24.579999923706055,24.920000076293945,24.5,24.739999771118164,21.10175895690918,2911900
2013-02-14,24.68000030517578,24.790000915527344,24.510000228881836,24.6299991607666,21.007936477661133,2789500
2013-02-15,24.760000228881836,24.780000686645508,24.25,24.34000015258789,20.760583877563477,2071000
2013-02-19,24.440000534057617,24.709999084472656,24.3799991607666,24.690000534057617,21.059114456176758,2067100
2013-02-20,24.639999389648438,24.670000076293945,24.1299991607666,24.139999389648438,20.589988708496094,1742800
2013-02-21,24.049999237060547,24.350000381469727,23.559999465942383,23.729999542236328,20.240291595458984,2343600
2013-02-22,23.8700008392334,24.049999237060547,23.809999465942383,24.040000915527344,20.50470733642578,1274200
2013-02-25,24.360000610351562,24.389999389648438,23.6299991607666,23.639999389648438,20.163522720336914,2816800
2013-02-26,23.700000762939453,23.84000015258789,23.239999771118164,23.760000228881836,20.265872955322266,3594800
2013-02-27,23.700000762939453,24.200000762939453,23.700000762939453,24.110000610351562,20.56441307067871,1537500
2013-02-28,24.0,24.3700008392334,23.75,24.149999618530273,20.598526000976562,1680100
2013-03-01,24.040000915527344,24.329999923706055,23.690000534057617,24.040000915527344,20.50470733642578,2834800
2013-03-04,24.030000686645508,24.25,23.920000076293945,24.209999084472656,20.64969253540039,3174800
2013-03-05,24.31999969482422,24.770000457763672,24.31999969482422,24.5,20.897050857543945,1663100
2013-03-06,24.799999237060547,25.15999984741211,24.639999389648438,25.079999923706055,21.39175796508789,2609000
2013-03-07,25.079999923706055,25.299999237060547,25.030000686645508,25.260000228881836,21.545284271240234,1480500
2013-03-08,25.3799991607666,25.6299991607666,25.200000762939453,25.299999237060547,21.579404830932617,1596600
2013-03-11,25.239999771118164,25.700000762939453,25.209999084472656,25.6299991607666,21.860872268676758,1669900
2013-03-12,25.59000015258789,25.670000076293945,25.350000381469727,25.469999313354492,21.724403381347656,950000
2013-03-13,25.540000915527344,25.639999389648438,25.450000762939453,25.579999923706055,21.818225860595703,661000
2013-03-14,25.649999618530273,25.860000610351562,25.610000610351562,25.729999542236328,21.946170806884766,1461400
2013-03-15,25.65999984741211,25.65999984741211,25.100000381469727,25.559999465942383,21.801176071166992,4753800
2013-03-18,25.200000762939453,25.31999969482422,25.0,25.270000457763672,21.553817749023438,2046200
2013-03-19,25.3799991607666,25.489999771118164,25.059999465942383,25.299999237060547,21.579404830932617,1586900
2013-03-20,25.479999542236328,25.540000915527344,25.350000381469727,25.440000534057617,21.698816299438477,1125300
2013-03-21,25.290000915527344,25.420000076293945,25.06999969482422,25.15999984741211,21.45999526977539,1184200
2013-03-22,25.25,25.309999465942383,24.989999771118164,25.219999313354492,21.511167526245117,1085000
2013-03-25,25.309999465942383,25.3700008392334,25.040000915527344,25.149999618530273,21.45146369934082,1485100
2013-03-26,25.329999923706055,25.360000610351562,25.09000015258789,25.149999618530273,21.45146369934082,2136500
2013-03-27,25.049999237060547,25.049999237060547,24.729999542236328,25.0,21.323522567749023,1760000
2013-03-28,25.010000228881836,25.040000915527344,24.8799991607666,24.989999771118164,21.31499481201172,1322800
2013-04-01,25.06999969482422,25.170000076293945,24.639999389648438,24.780000686645508,21.135879516601562,1339500
2013-04-02,24.889999389648438,24.90999984741211,24.350000381469727,24.479999542236328,20.879995346069336,1853700
2013-04-03,24.56999969482422,24.579999923706055,23.700000762939453,23.8799991607666,20.36823272705078,3942300
2013-04-04,23.940000534057617,24.270000457763672,23.8799991607666,24.139999389648438,20.589988708496094,2133700
2013-04-05,23.8700008392334,23.959999084472656,23.6299991607666,23.8799991607666,20.36823272705078,1798300
2013-04-08,23.829999923706055,24.149999618530273,23.520000457763672,24.1200008392334,20.572935104370117,2401400
2013-04-09,24.190000534057617,24.43000030517578,24.049999237060547,24.299999237060547,20.726463317871094,1847900
2013-04-10,24.309999465942383,24.68000030517578,24.309999465942383,24.610000610351562,20.990873336791992,1247700
2013-04-11,24.510000228881836,25.030000686645508,24.280000686645508,24.940000534057617,21.27234649658203,2487300
2013-04-12,24.729999542236328,24.829999923706055,24.170000076293945,24.399999618530273,20.811758041381836,2043300
2013-04-15,24.329999923706055,24.389999389648438,23.639999389648438,23.65999984741211,20.180583953857422,2254000
2013-04-16,23.84000015258789,23.889999389648438,23.59000015258789,23.780000686645508,20.282930374145508,1661700
2013-04-17,23.489999771118164,23.649999618530273,23.209999084472656,23.43000030517578,19.984405517578125,2124600
2013-04-18,23.510000228881836,23.540000915527344,23.100000381469727,23.440000534057617,19.992931365966797,2003200
2013-04-19,23.559999465942383,23.809999465942383,23.290000915527344,23.709999084472656,20.22323226928711,2423200
2013-04-22,23.809999465942383,23.809999465942383,23.270000457763672,23.610000610351562,20.137935638427734,3255500
2013-04-23,23.959999084472656,24.290000915527344,23.65999984741211,24.209999084472656,20.64969253540039,3254200
2013-04-24,24.290000915527344,24.530000686645508,24.190000534057617,24.530000686645508,20.92264175415039,1603200
2013-04-25,24.6200008392334,24.889999389648438,24.520000457763672,24.530000686645508,20.92264175415039,1791100
2013-04-26,24.56999969482422,24.56999969482422,24.0,24.239999771118164,20.67528533935547,1771000
2013-04-29,24.280000686645508,24.670000076293945,24.280000686645508,24.5,20.897050857543945,1494700
2013-04-30,24.43000030517578,24.670000076293945,24.31999969482422,24.6200008392334,20.999408721923828,1543400
2013-05-01,24.59000015258789,24.6200008392334,24.06999969482422,24.18000030517578,20.624109268188477,1375800
2013-05-02,24.290000915527344,24.700000762939453,24.1200008392334,24.649999618530273,21.024995803833008,1668400
2013-05-03,24.8700008392334,25.3700008392334,24.84000015258789,25.149999618530273,21.45146369934082,2522000
2013-05-06,25.139999389648438,25.709999084472656,25.0,25.690000534057617,21.91204833984375,1772800
2013-05-07,25.739999771118164,26.149999618530273,25.739999771118164,25.959999084472656,22.142349243164062,1925400
2013-05-08,25.899999618530273,26.010000228881836,25.6299991607666,25.989999771118164,22.167936325073242,1758300
2013-05-09,25.989999771118164,26.09000015258789,25.8700008392334,26.010000228881836,22.184993743896484,1225500
2013-05-10,26.06999969482422,26.170000076293945,25.829999923706055,26.149999618530273,22.304405212402344,838800
2013-05-13,26.079999923706055,26.5,26.020000457763672,26.459999084472656,22.568815231323242,1729200
2013-05-14,26.40999984741211,27.06999969482422,26.40999984741211,27.059999465942383,23.08057975769043,1470500
2013-05-15,26.899999618530273,27.290000915527344,26.770000457763672,26.969999313354492,23.003814697265625,2333000
2013-05-16,26.8799991607666,27.1200008392334,26.790000915527344,26.850000381469727,22.90146255493164,2042300
2013-05-17,27.1299991607666,27.40999984741211,27.020000457763672,27.389999389648438,23.36205291748047,1683800
2013-05-20,27.350000381469727,27.770000457763672,27.229999542236328,27.700000762939453,23.626461029052734,2224800
2013-05-21,27.780000686645508,27.799999237060547,27.540000915527344,27.56999969482422,23.54958724975586,1578200
2013-05-22,27.56999969482422,28.030000686645508,27.110000610351562,27.200000762939453,23.233543395996094,2618600
2013-05-23,26.979999542236328,27.260000228881836,26.670000076293945,27.209999084472656,23.242080688476562,2190100
2013-05-24,27.059999465942383,27.489999771118164,27.030000686645508,27.489999771118164,23.48125457763672,1252600
2013-05-28,27.81999969482422,28.270000457763672,27.559999465942383,28.09000015258789,23.993762969970703,2146600
2013-05-29,27.75,28.31999969482422,27.739999771118164,28.09000015258789,23.993762969970703,2298500
2013-05-30,28.040000915527344,28.739999771118164,27.760000228881836,28.600000381469727,24.429384231567383,1902900
2013-05-31,28.56999969482422,28.600000381469727,28.049999237060547,28.06999969482422,23.976673126220703,1832700
2013-06-03,28.170000076293945,28.34000015258789,27.239999771118164,27.6299991607666,23.600841522216797,3407000
2013-06-04,27.690000534057617,27.899999618530273,26.959999084472656,27.149999618530273,23.190828323364258,2963400
2013-06-05,27.09000015258789,27.09000015258789,26.420000076293945,26.559999465942383,22.686870574951172,2353300
2013-06-06,26.5,26.979999542236328,26.389999389648438,26.93000030517578,23.002918243408203,1834600
2013-06-07,27.190000534057617,27.40999984741211,26.889999389648438,27.3700008392334,23.378751754760742,1191000
2013-06-10,27.420000076293945,27.989999771118164,27.34000015258789,27.889999389648438,23.822925567626953,2192700
2013-06-11,27.520000457763672,28.229999542236328,27.469999313354492,27.84000015258789,23.780216217041016,3175900
2013-06-12,28.040000915527344,28.09000015258789,26.950000762939453,27.139999389648438,23.182289123535156,2049100
2013-06-13,27.170000076293945,27.59000015258789,27.079999923706055,27.530000686645508,23.515424728393555,1539700
2013-06-14,27.700000762939453,27.770000457763672,26.829999923706055,26.959999084472656,23.028535842895508,1451400
2013-06-17,27.06999969482422,27.25,26.81999969482422,27.059999465942383,23.113956451416016,2450300
2013-06-18,27.040000915527344,27.420000076293945,26.8700008392334,27.309999465942383,23.327505111694336,1516300
2013-06-19,27.239999771118164,27.299999237060547,26.81999969482422,26.93000030517578,23.002918243408203,1915500
2013-06-20,26.700000762939453,27.649999618530273,26.690000534057617,27.459999084472656,23.455629348754883,2818100
2013-06-21,27.770000457763672,28.170000076293945,27.530000686645508,27.90999984741211,23.840007781982422,4205100
2013-06-24,27.600000381469727,28.030000686645508,27.5,27.809999465942383,23.754592895507812,2728500
2013-06-25,28.079999923706055,28.649999618530273,27.940000534057617,28.479999542236328,24.326885223388672,1766300
2013-06-26,28.75,29.190000534057617,28.579999923706055,29.06999969482422,24.830848693847656,1902100
2013-06-27,29.200000762939453,29.40999984741211,29.030000686645508,29.229999542236328,24.967519760131836,1713400
2013-06-28,29.09000015258789,29.270000457763672,28.6200008392334,28.920000076293945,24.702720642089844,2059200
2013-07-01,29.09000015258789,29.739999771118164,29.0,29.350000381469727,25.070018768310547,1440600
2013-07-02,29.260000228881836,29.950000762939453,29.239999771118164,29.540000915527344,25.232311248779297,2435600
2013-07-03,29.719999313354492,29.979999542236328,29.600000381469727,29.690000534057617,25.360441207885742,1828900
2013-07-05,29.950000762939453,30.969999313354492,29.899999618530273,30.969999313354492,26.453781127929688,2995500
2013-07-08,31.149999618530273,31.399999618530273,30.8799991607666,31.15999984741211,26.616077423095703,2645000
2013-07-09,31.15999984741211,31.290000915527344,30.440000534057617,30.459999084472656,26.01815414428711,3187300
2013-07-10,30.469999313354492,30.520000457763672,29.639999389648438,29.84000015258789,25.488567352294922,3530600
2013-07-11,29.979999542236328,30.079999923706055,29.09000015258789,29.34000015258789,25.06147575378418,3538300
2013-07-12,29.489999771118164,30.040000915527344,29.34000015258789,29.969999313354492,25.59960174560547,1763900
2013-07-15,30.260000228881836,30.34000015258789,29.899999618530273,30.31999969482422,25.898569107055664,1292800
2013-07-16,30.34000015258789,30.350000381469727,29.15999984741211,29.56999969482422,25.2579402923584,2010500
2013-07-17,29.719999313354492,29.93000030517578,29.40999984741211,29.56999969482422,25.2579402923584,1687500
2013-07-18,29.600000381469727,30.350000381469727,29.549999237060547,30.31999969482422,25.898569107055664,2578900
2013-07-19,30.3700008392334,30.600000381469727,29.8799991607666,30.549999237060547,26.09502601623535,1937300
2013-07-22,30.829999923706055,30.950000762939453,30.549999237060547,30.84000015258789,26.342735290527344,2223400
2013-07-23,29.920000076293945,30.469999313354492,29.459999084472656,29.899999618530273,25.539810180664062,5241400
2013-07-24,30.149999618530273,30.440000534057617,29.899999618530273,30.059999465942383,25.67647933959961,2746700
2013-07-25,29.860000610351562,30.290000915527344,29.579999923706055,29.700000762939453,25.368976593017578,1441400
2013-07-26,29.469999313354492,29.899999618530273,29.290000915527344,29.549999237060547,25.240854263305664,1797200
2013-07-29,29.450000762939453,29.6200008392334,29.020000457763672,29.200000762939453,24.94189453125,1504100
2013-07-30,29.31999969482422,29.56999969482422,29.1299991607666,29.260000228881836,24.99313735961914,1190200
2013-07-31,29.350000381469727,30.049999237060547,29.350000381469727,29.639999389648438,25.31772232055664,2332600
2013-08-01,29.90999984741211,30.389999389648438,29.84000015258789,30.149999618530273,25.75336265563965,2019300
2013-08-02,30.040000915527344,30.229999542236328,29.700000762939453,30.149999618530273,25.75336265563965,2076600
2013-08-05,30.149999618530273,30.190000534057617,29.809999465942383,29.920000076293945,25.556896209716797,985200
2013-08-06,29.770000457763672,29.959999084472656,29.270000457763672,29.3799991607666,25.095638275146484,1919800
2013-08-07,29.270000457763672,29.399999618530273,28.889999389648438,29.049999237060547,24.813766479492188,1896500
2013-08-08,29.270000457763672,29.729999542236328,29.06999969482422,29.520000457763672,25.215229034423828,2029000
2013-08-09,29.420000076293945,29.739999771118164,29.190000534057617,29.489999771118164,25.189607620239258,1344300
2013-08-12,29.31999969482422,29.610000610351562,29.260000228881836,29.610000610351562,25.292104721069336,1193400
2013-08-13,29.729999542236328,29.729999542236328,28.950000762939453,29.149999618530273,24.899185180664062,4228900
2013-08-14,29.149999618530273,29.309999465942383,29.110000610351562,29.209999084472656,24.95043182373047,1244300
2013-08-15,28.979999542236328,29.09000015258789,28.65999984741211,28.719999313354492,24.531883239746094,1492100
2013-08-16,28.719999313354492,29.260000228881836,28.579999923706055,28.860000610351562,24.65147590637207,1821800
2013-08-19,28.700000762939453,28.920000076293945,28.610000610351562,28.709999084472656,24.523344039916992,1393600
2013-08-20,28.700000762939453,29.75,28.690000534057617,29.540000915527344,25.26751136779785,2294700
2013-08-21,29.440000534057617,29.610000610351562,29.049999237060547,29.219999313354492,24.993797302246094,1682200
2013-08-22,29.229999542236328,29.899999618530273,29.229999542236328,29.610000610351562,25.327394485473633,952600
2013-08-23,29.8799991607666,29.8799991607666,29.200000762939453,29.469999313354492,25.20763397216797,1070100
2013-08-26,29.459999084472656,29.610000610351562,29.190000534057617,29.209999084472656,24.98524284362793,1002700
2013-08-27,28.799999237060547,28.8799991607666,27.850000381469727,27.920000076293945,23.881818771362305,1829500
2013-08-28,27.940000534057617,28.290000915527344,27.760000228881836,28.15999984741211,24.087108612060547,1548800
2013-08-29,28.09000015258789,28.610000610351562,28.0,28.350000381469727,24.249629974365234,916300
2013-08-30,28.3799991607666,28.40999984741211,27.850000381469727,27.969999313354492,23.92459487915039,1021500
2013-09-03,28.65999984741211,28.799999237060547,28.100000381469727,28.350000381469727,24.249629974365234,2246100
2013-09-04,28.280000686645508,28.75,28.280000686645508,28.40999984741211,24.300947189331055,1025200
2013-09-05,28.360000610351562,29.0,28.350000381469727,28.93000030517578,24.745746612548828,1931800
2013-09-06,29.0,29.260000228881836,27.989999771118164,28.670000076293945,24.52334213256836,1775700
2013-09-09,28.719999313354492,29.040000915527344,28.309999465942383,28.989999771118164,24.797060012817383,1605100
2013-09-10,29.200000762939453,29.260000228881836,28.989999771118164,29.209999084472656,24.98524284362793,1464000
2013-09-11,29.170000076293945,29.31999969482422,28.90999984741211,29.079999923706055,24.874048233032227,862400
2013-09-12,29.079999923706055,29.209999084472656,28.790000915527344,28.950000762939453,24.762849807739258,923700
2013-09-13,28.920000076293945,29.0,28.489999771118164,28.989999771118164,24.797060012817383,1344100
2013-09-16,29.399999618530273,29.459999084472656,29.049999237060547,29.290000915527344,25.053680419921875,1013500
2013-09-17,29.3799991607666,29.479999542236328,29.110000610351562,29.43000030517578,25.173423767089844,716500
2013-09-18,29.479999542236328,29.5,28.389999389648438,28.75,24.591777801513672,3044600
2013-09-19,28.75,28.829999923706055,27.360000610351562,27.959999084472656,23.916038513183594,5080000
2013-09-20,27.979999542236328,28.270000457763672,27.920000076293945,27.969999313354492,23.92459487915039,2684900
2013-09-23,28.030000686645508,28.049999237060547,27.18000030517578,27.6200008392334,23.625211715698242,2268000
2013-09-24,27.600000381469727,27.8799991607666,27.3799991607666,27.610000610351562,23.61665153503418,2644300
2013-09-25,27.709999084472656,27.829999923706055,27.18000030517578,27.610000610351562,23.61665153503418,1735600
2013-09-26,27.6200008392334,28.06999969482422,27.1299991607666,27.260000228881836,23.317277908325195,1947700
2013-09-27,27.030000686645508,27.440000534057617,27.0,27.329999923706055,23.377153396606445,2020500
2013-09-30,27.0,27.520000457763672,26.790000915527344,27.420000076293945,23.45414161682129,1260400
2013-10-01,27.440000534057617,28.010000228881836,27.299999237060547,27.959999084472656,23.916038513183594,1698600
2013-10-02,27.68000030517578,27.75,27.25,27.290000915527344,23.342945098876953,1930700
2013-10-03,27.139999389648438,27.3799991607666,26.989999771118164,27.079999923706055,23.163311004638672,1934700
2013-10-04,27.110000610351562,27.850000381469727,27.020000457763672,27.84000015258789,23.81339454650879,1570600
2013-10-07,27.25,27.440000534057617,27.110000610351562,27.110000610351562,23.18897819519043,1124500
2013-10-08,27.059999465942383,27.329999923706055,26.950000762939453,26.979999542236328,23.07777976989746,1473600
2013-10-09,26.989999771118164,27.200000762939453,26.889999389648438,26.889999389648438,23.000791549682617,1597500
2013-10-10,27.100000381469727,27.979999542236328,27.100000381469727,27.959999084472656,23.916038513183594,2813800
2013-10-11,27.579999923706055,28.440000534057617,27.43000030517578,28.31999969482422,24.22396469116211,2529100
2013-10-14,28.059999465942383,28.6200008392334,27.65999984741211,28.540000915527344,24.412151336669922,1456800
2013-10-15,28.420000076293945,28.790000915527344,28.200000762939453,28.450000762939453,24.33516502380371,2679600
2013-10-16,28.59000015258789,29.190000534057617,28.440000534057617,29.020000457763672,24.82272720336914,1649500
2013-10-17,28.780000686645508,29.3799991607666,28.649999618530273,29.270000457763672,25.03656578063965,1731100
2013-10-18,29.43000030517578,30.049999237060547,29.020000457763672,29.90999984741211,25.584001541137695,2531200
2013-10-21,30.040000915527344,30.06999969482422,29.690000534057617,29.860000610351562,25.541231155395508,2533500
2013-10-22,28.100000381469727,28.510000228881836,27.3700008392334,27.8700008392334,23.83905601501465,10691200
2013-10-23,27.649999618530273,28.139999389648438,27.520000457763672,28.1299991607666,24.061447143554688,4293300
2013-10-24,28.200000762939453,28.510000228881836,28.010000228881836,28.469999313354492,24.35227394104004,2633100
2013-10-25,28.530000686645508,28.780000686645508,28.420000076293945,28.510000228881836,24.386489868164062,2070400
2013-10-28,28.5,28.719999313354492,28.31999969482422,28.59000015258789,24.454914093017578,1981600
2013-10-29,28.719999313354492,28.729999542236328,28.260000228881836,28.440000534057617,24.32661247253418,2092400
2013-10-30,28.43000030517578,28.639999389648438,28.40999984741211,28.43000030517578,24.31805992126465,1557100
2013-10-31,28.3700008392334,28.56999969482422,28.239999771118164,28.399999618530273,24.292402267456055,1798500
2013-11-01,28.459999084472656,28.670000076293945,28.329999923706055,28.420000076293945,24.30950927734375,1563900
2013-11-04,28.479999542236328,28.6299991607666,28.3799991607666,28.399999618530273,24.292402267456055,1313600
2013-11-05,28.239999771118164,28.709999084472656,28.209999084472656,28.690000534057617,24.540456771850586,2419500
2013-11-06,28.700000762939453,28.90999984741211,28.559999465942383,28.860000610351562,24.68586540222168,1528200
2013-11-07,28.8799991607666,29.139999389648438,28.219999313354492,28.239999771118164,24.155536651611328,2285900
2013-11-08,28.1299991607666,29.670000076293945,28.06999969482422,29.639999389648438,25.35304832458496,2271100
2013-11-11,29.709999084472656,29.8799991607666,29.100000381469727,29.209999084472656,24.98524284362793,1878300
2013-11-12,29.110000610351562,29.280000686645508,28.75,28.889999389648438,24.71152687072754,1071800
2013-11-13,28.739999771118164,28.989999771118164,28.520000457763672,28.989999771118164,24.797060012817383,1478200
2013-11-14,29.139999389648438,29.200000762939453,28.729999542236328,29.1200008392334,24.90826416015625,1299300
2013-11-15,29.43000030517578,29.469999313354492,28.90999984741211,29.200000762939453,24.976688385009766,1496600
2013-11-18,29.299999237060547,29.5,28.809999465942383,28.8700008392334,24.694419860839844,1293900
2013-11-19,28.15999984741211,28.6200008392334,27.610000610351562,28.209999084472656,24.129880905151367,2785500
2013-11-20,28.219999313354492,28.559999465942383,28.049999237060547,28.270000457763672,24.215530395507812,2468800
2013-11-21,28.5,29.219999313354492,28.309999465942383,29.079999923706055,24.909366607666016,1641700
2013-11-22,29.170000076293945,29.389999389648438,28.829999923706055,29.389999389648438,25.17490577697754,1391400
2013-11-25,29.56999969482422,29.729999542236328,29.360000610351562,29.450000762939453,25.226306915283203,1001900
2013-11-26,29.459999084472656,29.709999084472656,29.020000457763672,29.139999389648438,24.96076202392578,2271800
2013-11-27,29.18000030517578,29.59000015258789,29.110000610351562,29.489999771118164,25.260568618774414,1565900
2013-11-29,29.549999237060547,29.59000015258789,29.290000915527344,29.329999923706055,25.123510360717773,425700
2013-12-02,29.34000015258789,29.899999618530273,29.15999984741211,29.200000762939453,25.012155532836914,2019400
2013-12-03,29.059999465942383,29.239999771118164,28.6299991607666,28.8799991607666,24.738052368164062,1629900
2013-12-04,28.829999923706055,29.469999313354492,28.729999542236328,29.260000228881836,25.06354522705078,1358900
2013-12-05,29.15999984741211,29.5,28.989999771118164,29.15999984741211,24.977895736694336,1252500
2013-12-06,29.56999969482422,29.770000457763672,29.389999389648438,29.729999542236328,25.466142654418945,1294700
2013-12-09,29.770000457763672,29.969999313354492,29.610000610351562,29.670000076293945,25.41474723815918,2087400
2013-12-10,29.610000610351562,30.0,29.239999771118164,29.299999237060547,25.097810745239258,2705700
2013-12-11,29.190000534057617,29.360000610351562,28.469999313354492,28.520000457763672,24.429676055908203,2200600
2013-12-12,28.469999313354492,29.149999618530273,28.31999969482422,28.780000686645508,24.652389526367188,2391900
2013-12-13,28.81999969482422,29.059999465942383,28.43000030517578,28.469999313354492,24.38685417175293,1520600
2013-12-16,28.15999984741211,28.68000030517578,27.979999542236328,28.559999465942383,24.463943481445312,5203100
2013-12-17,28.280000686645508,28.440000534057617,27.920000076293945,28.06999969482422,24.044214248657227,2732900
2013-12-18,28.149999618530273,28.920000076293945,27.959999084472656,28.81999969482422,24.68665313720703,4911700
2013-12-19,28.469999313354492,29.290000915527344,28.469999313354492,29.219999313354492,25.02928924560547,2651500
2013-12-20,29.670000076293945,29.670000076293945,29.1200008392334,29.219999313354492,25.02928924560547,3550400
2013-12-23,29.360000610351562,29.780000686645508,29.229999542236328,29.719999313354492,25.45757484436035,1437500
2013-12-24,29.790000915527344,29.940000534057617,29.670000076293945,29.84000015258789,25.560365676879883,672200
2013-12-26,29.8700008392334,29.940000534057617,29.540000915527344,29.84000015258789,25.560365676879883,893100
2013-12-27,29.719999313354492,29.989999771118164,29.649999618530273,29.790000915527344,25.51753807067871,808300
2013-12-30,29.8799991607666,29.969999313354492,29.729999542236328,29.850000381469727,25.568937301635742,895300
2013-12-31,29.93000030517578,30.1299991607666,29.760000228881836,29.959999084472656,25.66315460205078,1077400
2014-01-02,29.899999618530273,29.979999542236328,29.6200008392334,29.649999618530273,25.39761734008789,1356700
2014-01-03,29.739999771118164,29.90999984741211,29.170000076293945,29.860000610351562,25.577495574951172,1122500
2014-01-06,29.950000762939453,30.1299991607666,29.579999923706055,29.649999618530273,25.39761734008789,1988200
2014-01-07,29.8799991607666,29.979999542236328,29.56999969482422,29.739999771118164,25.474708557128906,1343200
2014-01-08,29.700000762939453,30.0,29.59000015258789,30.0,25.69742202758789,2034700
2014-01-09,30.149999618530273,30.450000762939453,30.030000686645508,30.219999313354492,25.885868072509766,1800700
2014-01-10,30.139999389648438,30.18000030517578,29.84000015258789,30.059999465942383,25.74881362915039,1576900
2014-01-13,29.899999618530273,30.030000686645508,29.530000686645508,29.649999618530273,25.39761734008789,1582900
2014-01-14,29.719999313354492,29.799999237060547,29.329999923706055,29.670000076293945,25.41474723815918,1743100
2014-01-15,29.899999618530273,30.219999313354492,29.780000686645508,30.18000030517578,25.85160255432129,1976500
2014-01-16,30.079999923706055,30.079999923706055,29.670000076293945,29.81999969482422,25.54323959350586,1132200
2014-01-17,29.90999984741211,30.3700008392334,29.6200008392334,30.15999984741211,25.834476470947266,1489600
2014-01-21,30.399999618530273,31.809999465942383,30.360000610351562,31.469999313354492,26.956592559814453,5442900
2014-01-22,31.760000228881836,32.290000915527344,31.549999237060547,31.780000686645508,27.222129821777344,3902600
2014-01-23,31.59000015258789,31.829999923706055,30.8700008392334,31.15999984741211,26.691057205200195,2885400
2014-01-24,30.959999084472656,31.06999969482422,30.219999313354492,30.229999542236328,25.894437789916992,2511300
2014-01-27,30.3799991607666,30.540000915527344,29.799999237060547,29.93000030517578,25.637454986572266,3128100
2014-01-28,29.420000076293945,30.06999969482422,29.420000076293945,29.760000228881836,25.49184226989746,3586200
2014-01-29,29.360000610351562,29.579999923706055,29.1299991607666,29.18000030517578,24.995023727416992,3114800
2014-01-30,29.3700008392334,29.469999313354492,29.040000915527344,29.350000381469727,25.140644073486328,1624600
2014-01-31,29.0,29.190000534057617,28.719999313354492,28.75,24.626697540283203,2373000
2014-02-03,28.59000015258789,28.809999465942383,27.81999969482422,27.90999984741211,23.907169342041016,2743700
2014-02-04,28.010000228881836,28.959999084472656,27.969999313354492,28.579999923706055,24.481077194213867,3035600
2014-02-05,29.0,29.020000457763672,28.34000015258789,28.729999542236328,24.60956382751465,3457200
2014-02-06,28.75,29.1299991607666,28.610000610351562,29.040000915527344,24.875104904174805,1274000
2014-02-07,29.200000762939453,29.469999313354492,28.81999969482422,28.93000030517578,24.780881881713867,2027700
2014-02-10,29.600000381469727,29.639999389648438,29.149999618530273,29.559999465942383,25.320526123046875,2096500
2014-02-11,29.530000686645508,29.969999313354492,29.270000457763672,29.920000076293945,25.628894805908203,1566900
2014-02-12,29.940000534057617,30.489999771118164,29.8700008392334,30.100000381469727,25.7830810546875,2267800
2014-02-13,29.90999984741211,30.40999984741211,29.600000381469727,30.329999923706055,25.980091094970703,2271400
2014-02-14,30.690000534057617,31.149999618530273,30.450000762939453,30.899999618530273,26.46834373474121,2409300
2014-02-18,31.0,31.239999771118164,30.81999969482422,30.920000076293945,26.519804000854492,1872400
2014-02-19,30.84000015258789,30.8700008392334,30.059999465942383,30.1200008392334,25.83365249633789,2595600
2014-02-20,30.15999984741211,30.209999084472656,29.709999084472656,29.829999923706055,25.584918975830078,2255700
2014-02-21,29.84000015258789,30.1299991607666,29.739999771118164,29.90999984741211,25.653535842895508,2357400
2014-02-24,29.90999984741211,30.559999465942383,29.889999389648438,30.290000915527344,25.979459762573242,2027200
2014-02-25,30.329999923706055,30.34000015258789,29.959999084472656,30.260000228881836,25.953731536865234,1179500
2014-02-26,30.25,30.639999389648438,30.170000076293945,30.530000686645508,26.185306549072266,1769500
2014-02-27,30.469999313354492,30.799999237060547,30.31999969482422,30.790000915527344,26.40830421447754,1237600
2014-02-28,30.860000610351562,31.40999984741211,30.540000915527344,31.200000762939453,26.759960174560547,2727600
2014-03-03,30.889999389648438,31.059999465942383,30.690000534057617,30.920000076293945,26.519804000854492,1640000
2014-03-04,31.200000762939453,31.6200008392334,30.93000030517578,31.40999984741211,26.940073013305664,1396000
2014-03-05,31.31999969482422,31.479999542236328,31.1200008392334,31.31999969482422,26.862884521484375,1431300
2014-03-06,31.389999389648438,31.65999984741211,31.229999542236328,31.450000762939453,26.974380493164062,1091300
2014-03-07,31.709999084472656,32.02000045776367,31.540000915527344,31.56999969482422,27.077301025390625,1971100
2014-03-10,31.479999542236328,31.670000076293945,31.389999389648438,31.520000457763672,27.034421920776367,2220400
2014-03-11,31.520000457763672,31.6299991607666,31.139999389648438,31.469999313354492,26.991533279418945,1610800
2014-03-12,31.399999618530273,31.5,31.1200008392334,31.450000762939453,26.974380493164062,1481200
2014-03-13,31.559999465942383,31.81999969482422,31.229999542236328,31.3799991607666,26.91434669494629,1555400
2014-03-14,31.260000228881836,31.59000015258789,31.18000030517578,31.350000381469727,26.888614654541016,1030000
2014-03-17,31.690000534057617,31.690000534057617,31.260000228881836,31.40999984741211,26.940073013305664,1309500
2014-03-18,31.360000610351562,31.579999923706055,31.25,31.43000030517578,26.957229614257812,1158400
2014-03-19,31.3799991607666,32.33000183105469,31.209999084472656,31.969999313354492,27.420377731323242,3094800
2014-03-20,31.84000015258789,33.33000183105469,31.700000762939453,32.9900016784668,28.295225143432617,5481000
2014-03-21,32.54999923706055,32.54999923706055,30.8799991607666,31.239999771118164,26.794265747070312,15681100
2014-03-24,31.020000457763672,31.510000228881836,30.1299991607666,30.309999465942383,25.996610641479492,7469700
2014-03-25,30.399999618530273,30.899999618530273,30.15999984741211,30.600000381469727,26.245342254638672,4381400
2014-03-26,30.75,30.75,30.18000030517578,30.200000762939453,25.90226936340332,4781900
2014-03-27,30.389999389648438,30.389999389648438,29.3799991607666,29.829999923706055,25.584918975830078,6040700
2014-03-28,29.950000762939453,30.520000457763672,29.81999969482422,30.290000915527344,25.979459762573242,1918000
2014-03-31,30.440000534057617,31.09000015258789,30.440000534057617,30.979999542236328,26.57126235961914,2686200
2014-04-01,31.079999923706055,31.329999923706055,30.90999984741211,31.219999313354492,26.777114868164062,3614300
2014-04-02,31.270000457763672,31.75,31.059999465942383,31.690000534057617,27.18022346496582,4331200
2014-04-03,31.809999465942383,31.809999465942383,31.329999923706055,31.639999389648438,27.13734245300293,1575600
2014-04-04,31.729999542236328,31.8700008392334,31.299999237060547,31.3700008392334,26.905765533447266,2874100
2014-04-07,31.34000015258789,31.479999542236328,30.440000534057617,30.75,26.37399673461914,3231400
2014-04-08,30.670000076293945,30.90999984741211,30.3700008392334,30.549999237060547,26.202451705932617,2484300
2014-04-09,30.65999984741211,30.770000457763672,30.489999771118164,30.690000534057617,26.322534561157227,1783600
2014-04-10,30.670000076293945,30.719999313354492,29.549999237060547,29.579999923706055,25.370494842529297,2830500
2014-04-11,29.290000915527344,29.6200008392334,28.920000076293945,29.229999542236328,25.0703067779541,2897300
2014-04-14,29.649999618530273,29.920000076293945,28.90999984741211,29.280000686645508,25.113191604614258,2421800
2014-04-15,29.280000686645508,29.809999465942383,28.920000076293945,29.579999923706055,25.370494842529297,2718000
2014-04-16,29.729999542236328,29.899999618530273,29.31999969482422,29.8799991607666,25.627805709838867,2040000
2014-04-17,29.860000610351562,30.31999969482422,29.56999969482422,30.219999313354492,25.919422149658203,3507400
2014-04-21,30.239999771118164,30.360000610351562,29.860000610351562,30.229999542236328,25.927993774414062,2400200
2014-04-22,28.40999984741211,29.81999969482422,28.360000610351562,29.6200008392334,25.40481185913086,3765200
2014-04-23,29.700000762939453,29.84000015258789,29.43000030517578,29.799999237060547,25.559188842773438,1662300
2014-04-24,30.020000457763672,30.020000457763672,29.100000381469727,29.15999984741211,25.010271072387695,2400700
2014-04-25,29.06999969482422,29.309999465942383,28.90999984741211,29.0,24.87303924560547,1946700
2014-04-28,29.030000686645508,29.18000030517578,28.5,28.649999618530273,24.57284927368164,1823700
2014-04-29,28.790000915527344,29.049999237060547,28.68000030517578,28.90999984741211,24.795846939086914,2102200
2014-04-30,28.780000686645508,29.040000915527344,28.690000534057617,28.920000076293945,24.804420471191406,1902300
2014-05-01,28.8700008392334,29.100000381469727,28.40999984741211,28.610000610351562,24.538541793823242,2631000
2014-05-02,28.59000015258789,29.360000610351562,28.59000015258789,28.84000015258789,24.73580551147461,1772900
2014-05-05,28.719999313354492,28.799999237060547,28.360000610351562,28.739999771118164,24.650039672851562,3120200
2014-05-06,28.770000457763672,28.84000015258789,28.1299991607666,28.290000915527344,24.264074325561523,2397800
2014-05-07,28.3799991607666,28.790000915527344,28.31999969482422,28.760000228881836,24.667190551757812,1820200
2014-05-08,28.670000076293945,29.309999465942383,28.670000076293945,28.969999313354492,24.84731101989746,2272300
2014-05-09,29.06999969482422,29.290000915527344,28.899999618530273,29.040000915527344,24.9073429107666,2207500
2014-05-12,29.09000015258789,29.65999984741211,29.09000015258789,29.610000610351562,25.39623260498047,6201900
2014-05-13,29.56999969482422,29.6200008392334,29.170000076293945,29.229999542236328,25.0703067779541,1633900
2014-05-14,29.149999618530273,29.469999313354492,28.34000015258789,28.420000076293945,24.375574111938477,1954800
2014-05-15,28.290000915527344,28.469999313354492,27.670000076293945,28.270000457763672,24.246923446655273,1789300
2014-05-16,28.06999969482422,28.190000534057617,27.649999618530273,28.020000457763672,24.032499313354492,1552400
2014-05-19,27.889999389648438,28.43000030517578,27.889999389648438,28.299999237060547,24.272655487060547,1096900
2014-05-20,28.209999084472656,28.309999465942383,27.90999984741211,28.200000762939453,24.221118927001953,1663500
2014-05-21,28.360000610351562,28.6200008392334,28.209999084472656,28.389999389648438,24.38431167602539,1259200
2014-05-22,28.3799991607666,28.6299991607666,28.299999237060547,28.43000030517578,24.41866683959961,1143900
2014-05-23,28.5,28.559999465942383,28.31999969482422,28.43000030517578,24.41866683959961,994000
2014-05-27,28.5,28.860000610351562,28.40999984741211,28.5,24.478790283203125,1496800
2014-05-28,28.450000762939453,28.6299991607666,28.239999771118164,28.469999313354492,24.453022003173828,1553800
2014-05-29,28.540000915527344,28.65999984741211,28.360000610351562,28.600000381469727,24.56468391418457,1196600
2014-05-30,28.469999313354492,28.799999237060547,28.309999465942383,28.59000015258789,24.55609703063965,876800
2014-06-02,28.610000610351562,28.899999618530273,28.270000457763672,28.84000015258789,24.77081871032715,1695700
2014-06-03,28.65999984741211,29.1299991607666,28.600000381469727,28.959999084472656,24.87388801574707,1109100
2014-06-04,28.850000381469727,29.1200008392334,28.790000915527344,28.889999389648438,24.81376075744629,904900
2014-06-05,28.8700008392334,29.399999618530273,28.690000534057617,29.329999923706055,25.19168472290039,1189700
2014-06-06,29.34000015258789,29.84000015258789,29.299999237060547,29.790000915527344,25.586774826049805,2154300
2014-06-09,29.68000030517578,30.229999542236328,29.68000030517578,30.059999465942383,25.81867790222168,2289600
2014-06-10,30.049999237060547,30.229999542236328,29.799999237060547,30.100000381469727,25.853036880493164,839600
2014-06-11,29.899999618530273,29.979999542236328,29.700000762939453,29.829999923706055,25.621131896972656,1065000
2014-06-12,29.770000457763672,30.100000381469727,29.489999771118164,29.549999237060547,25.38064193725586,2212200
2014-06-13,29.670000076293945,29.93000030517578,29.469999313354492,29.6200008392334,25.440763473510742,1619600
2014-06-16,29.510000228881836,29.6200008392334,29.100000381469727,29.18000030517578,25.062847137451172,1328800
2014-06-17,29.15999984741211,29.8700008392334,29.100000381469727,29.770000457763672,25.569599151611328,2694200
2014-06-18,29.770000457763672,29.860000610351562,29.530000686645508,29.809999465942383,25.60395622253418,2072500
2014-06-19,29.81999969482422,29.860000610351562,29.479999542236328,29.75,25.552417755126953,921800
2014-06-20,29.950000762939453,30.389999389648438,29.93000030517578,30.110000610351562,25.86162567138672,3417400
2014-06-23,30.059999465942383,30.18000030517578,29.84000015258789,30.040000915527344,25.80150604248047,1542000
2014-06-24,29.950000762939453,30.329999923706055,29.549999237060547,29.610000610351562,25.432178497314453,1712100
2014-06-25,29.5,29.799999237060547,29.270000457763672,29.639999389648438,25.45794105529785,1963000
2014-06-26,29.559999465942383,29.809999465942383,29.25,29.770000457763672,25.569599151611328,1120700
2014-06-27,29.690000534057617,29.860000610351562,29.549999237060547,29.639999389648438,25.45794105529785,2157500
2014-06-30,29.600000381469727,29.700000762939453,29.360000610351562,29.469999313354492,25.31192398071289,1358900
2014-07-01,29.5,29.8799991607666,29.440000534057617,29.5,25.337696075439453,1849700
2014-07-02,29.530000686645508,29.709999084472656,29.239999771118164,29.34000015258789,25.200275421142578,1417600
2014-07-03,29.610000610351562,30.1200008392334,29.549999237060547,29.770000457763672,25.569599151611328,1428000
2014-07-07,29.719999313354492,29.799999237060547,29.40999984741211,29.770000457763672,25.569599151611328,1986900
2014-07-08,29.709999084472656,29.739999771118164,29.31999969482422,29.389999389648438,25.24321937561035,1694100
2014-07-09,30.889999389648438,30.889999389648438,29.450000762939453,29.739999771118164,25.543834686279297,1779100
2014-07-10,29.31999969482422,29.510000228881836,29.239999771118164,29.3700008392334,25.22603988647461,1945100
2014-07-11,29.200000762939453,29.739999771118164,29.020000457763672,29.700000762939453,25.509479522705078,1666500
2014-07-14,29.90999984741211,30.040000915527344,29.5,29.530000686645508,25.363460540771484,1484200
2014-07-15,29.649999618530273,29.8700008392334,29.1200008392334,29.459999084472656,25.303335189819336,2509900
2014-07-16,29.450000762939453,29.510000228881836,29.190000534057617,29.260000228881836,25.131555557250977,1305800
2014-07-17,29.18000030517578,29.18000030517578,28.399999618530273,28.520000457763672,24.495967864990234,2860200
2014-07-18,28.770000457763672,29.030000686645508,28.549999237060547,28.780000686645508,24.719280242919922,1479300
2014-07-21,28.59000015258789,28.809999465942383,28.489999771118164,28.639999389648438,24.59903907775879,1273500
2014-07-22,29.030000686645508,29.290000915527344,28.600000381469727,29.149999618530273,25.037076950073242,2805500
2014-07-23,29.1200008392334,29.190000534057617,28.950000762939453,29.049999237060547,24.951187133789062,1354700
2014-07-24,29.149999618530273,29.540000915527344,29.149999618530273,29.489999771118164,25.3291072845459,1042400
2014-07-25,30.25,30.469999313354492,29.780000686645508,30.059999465942383,25.81867790222168,4663600
2014-07-28,30.100000381469727,30.110000610351562,29.299999237060547,29.420000076293945,25.26898765563965,15091700
2014-07-29,29.600000381469727,29.68000030517578,29.290000915527344,29.329999923706055,25.19168472290039,5593400
2014-07-30,29.25,29.639999389648438,28.989999771118164,29.059999465942383,24.959774017333984,7245400
2014-07-31,28.860000610351562,29.15999984741211,28.780000686645508,28.81999969482422,24.753643035888672,4320100
2014-08-01,28.700000762939453,29.0,28.260000228881836,28.360000610351562,24.358543395996094,5572900
2014-08-04,28.31999969482422,28.5,27.989999771118164,28.1299991607666,24.160995483398438,4658000
2014-08-05,27.950000762939453,28.440000534057617,27.950000762939453,28.030000686645508,24.075105667114258,3093900
2014-08-06,27.950000762939453,28.270000457763672,27.809999465942383,27.979999542236328,24.03215789794922,2748200
2014-08-07,28.040000915527344,28.170000076293945,27.510000228881836,27.549999237060547,23.66282844543457,3332900
2014-08-08,27.649999618530273,27.959999084472656,27.440000534057617,27.940000534057617,23.997800827026367,2626100
2014-08-11,27.90999984741211,28.1200008392334,27.799999237060547,27.850000381469727,23.92050552368164,1394700
2014-08-12,27.809999465942383,27.969999313354492,27.610000610351562,27.790000915527344,23.86897087097168,1793900
2014-08-13,27.56999969482422,27.989999771118164,27.530000686645508,27.979999542236328,24.03215789794922,2335900
2014-08-14,28.0,28.280000686645508,27.93000030517578,28.219999313354492,24.23829460144043,1261600
2014-08-15,28.309999465942383,28.350000381469727,27.940000534057617,28.1200008392334,24.152408599853516,1564800
2014-08-18,28.260000228881836,28.6200008392334,28.200000762939453,28.469999313354492,24.453022003173828,1403300
2014-08-19,28.40999984741211,28.56999969482422,28.350000381469727,28.3700008392334,24.401416778564453,1509200
2014-08-20,28.3799991607666,28.719999313354492,28.200000762939453,28.649999618530273,24.642248153686523,2024200
2014-08-21,28.59000015258789,29.079999923706055,28.34000015258789,29.010000228881836,24.951889038085938,3517400
2014-08-22,28.90999984741211,29.229999542236328,28.719999313354492,29.040000915527344,24.977691650390625,2561100
2014-08-25,28.93000030517578,29.3700008392334,28.93000030517578,29.149999618530273,25.072301864624023,1342500
2014-08-26,29.209999084472656,29.3700008392334,29.1299991607666,29.25,25.1583194732666,1258400
2014-08-27,29.360000610351562,29.469999313354492,29.059999465942383,29.34000015258789,25.235729217529297,2830200
2014-08-28,29.190000534057617,29.309999465942383,28.969999313354492,29.139999389648438,25.06370735168457,2022800
2014-08-29,29.260000228881836,29.290000915527344,29.059999465942383,29.139999389648438,25.06370735168457,2365200
2014-09-02,29.270000457763672,29.459999084472656,29.15999984741211,29.360000610351562,25.252927780151367,1791000
2014-09-03,29.5,29.520000457763672,29.1200008392334,29.219999313354492,25.13251304626465,2406200
2014-09-04,29.309999465942383,29.540000915527344,29.170000076293945,29.229999542236328,25.141117095947266,1979700
2014-09-05,29.1200008392334,29.1200008392334,28.729999542236328,29.06999969482422,25.00349235534668,2289800
2014-09-08,29.0,29.219999313354492,28.920000076293945,28.969999313354492,24.9174861907959,1956800
2014-09-09,28.829999923706055,28.850000381469727,28.40999984741211,28.709999084472656,24.693851470947266,1638200
2014-09-10,28.450000762939453,29.190000534057617,28.450000762939453,29.149999618530273,25.072301864624023,2157300
2014-09-11,29.309999465942383,29.309999465942383,29.0,29.290000915527344,25.19272232055664,2188800
2014-09-12,29.309999465942383,29.649999618530273,29.1299991607666,29.579999923706055,25.442153930664062,2559800
2014-09-15,29.600000381469727,29.600000381469727,29.329999923706055,29.450000762939453,25.330345153808594,2469000
2014-09-16,29.3700008392334,29.579999923706055,29.15999984741211,29.190000534057617,25.10671043395996,2737400
2014-09-17,29.270000457763672,29.81999969482422,29.09000015258789,29.530000686645508,25.399147033691406,3073300
2014-09-18,29.649999618530273,30.1299991607666,29.540000915527344,29.8700008392334,25.69158363342285,4025500
2014-09-19,30.34000015258789,30.459999084472656,29.790000915527344,30.010000228881836,25.81200408935547,5361300
2014-09-22,30.020000457763672,30.209999084472656,29.6299991607666,29.649999618530273,25.502365112304688,3007900
2014-09-23,29.540000915527344,29.670000076293945,29.190000534057617,29.270000457763672,25.175519943237305,3744400
2014-09-24,29.34000015258789,29.469999313354492,29.079999923706055,29.299999237060547,25.201324462890625,1961900
2014-09-25,29.18000030517578,29.290000915527344,28.65999984741211,28.920000076293945,24.874475479125977,2832900
2014-09-26,28.950000762939453,29.309999465942383,28.8799991607666,29.229999542236328,25.141117095947266,2373900
2014-09-29,28.969999313354492,29.239999771118164,28.860000610351562,29.190000534057617,25.10671043395996,2338700
2014-09-30,29.18000030517578,29.280000686645508,28.950000762939453,29.059999465942383,24.994892120361328,2804900
2014-10-01,29.030000686645508,29.079999923706055,28.450000762939453,28.540000915527344,24.547639846801758,2534000
2014-10-02,28.479999542236328,28.639999389648438,28.040000915527344,28.520000457763672,24.53042984008789,2571100
2014-10-03,28.790000915527344,28.969999313354492,28.690000534057617,28.850000381469727,24.814271926879883,2055900
2014-10-06,28.920000076293945,29.040000915527344,28.579999923706055,28.59000015258789,24.590641021728516,1674700
2014-10-07,28.440000534057617,28.600000381469727,28.0,28.010000228881836,24.091773986816406,2647000
2014-10-08,27.950000762939453,28.3799991607666,27.809999465942383,28.329999923706055,24.367015838623047,2554100
2014-10-09,28.260000228881836,28.299999237060547,27.639999389648438,27.639999389648438,23.773534774780273,2546000
2014-10-10,27.610000610351562,27.93000030517578,27.31999969482422,27.329999923706055,23.506898880004883,2372800
2014-10-13,27.3799991607666,27.59000015258789,26.950000762939453,26.979999542236328,23.205862045288086,2576200
2014-10-14,27.079999923706055,27.280000686645508,26.510000228881836,26.670000076293945,22.939226150512695,4646600
2014-10-15,26.200000762939453,26.389999389648438,25.209999084472656,25.959999084472656,22.328542709350586,7145900
2014-10-16,25.200000762939453,26.280000686645508,25.020000457763672,26.200000762939453,22.534969329833984,2948000
2014-10-17,26.530000686645508,26.6200008392334,26.09000015258789,26.329999923706055,22.64678382873535,3534800
2014-10-20,26.239999771118164,26.389999389648438,26.100000381469727,26.229999542236328,22.560771942138672,3375700
2014-10-21,26.290000915527344,27.299999237060547,26.110000610351562,27.209999084472656,23.403688430786133,6145200
2014-10-22,27.31999969482422,27.459999084472656,27.06999969482422,27.079999923706055,23.291872024536133,2417200
2014-10-23,27.299999237060547,27.809999465942383,27.299999237060547,27.440000534057617,23.601512908935547,2959400
2014-10-24,27.479999542236328,27.649999618530273,27.239999771118164,27.530000686645508,23.67892837524414,2226100
2014-10-27,27.489999771118164,27.68000030517578,27.420000076293945,27.649999618530273,23.782135009765625,2051700
2014-10-28,27.719999313354492,28.40999984741211,27.510000228881836,28.40999984741211,24.435819625854492,1823400
2014-10-29,28.420000076293945,28.84000015258789,28.15999984741211,28.780000686645508,24.75406265258789,2093300
2014-10-30,28.6299991607666,28.899999618530273,28.43000030517578,28.68000030517578,24.668052673339844,1497400
2014-10-31,28.860000610351562,29.0,28.760000228881836,28.969999313354492,24.9174861907959,2265200
2014-11-03,29.0,29.270000457763672,28.8700008392334,29.059999465942383,24.994892120361328,1415300
2014-11-04,29.010000228881836,29.399999618530273,28.850000381469727,29.3799991607666,25.270132064819336,2434700
2014-11-05,29.65999984741211,29.739999771118164,29.40999984741211,29.5,25.37334632873535,2001500
2014-11-06,29.540000915527344,29.75,29.350000381469727,29.690000534057617,25.536767959594727,1400700
2014-11-07,29.59000015258789,29.809999465942383,29.520000457763672,29.670000076293945,25.51957130432129,1490100
2014-11-10,29.59000015258789,29.850000381469727,29.43000030517578,29.670000076293945,25.51957130432129,1568700
2014-11-11,29.690000534057617,29.770000457763672,29.5,29.59000015258789,25.450756072998047,1090200
2014-11-12,29.420000076293945,29.790000915527344,29.420000076293945,29.760000228881836,25.596973419189453,1450100
2014-11-13,29.790000915527344,29.93000030517578,29.190000534057617,29.280000686645508,25.184118270874023,2139600
2014-11-14,29.299999237060547,29.459999084472656,29.0,29.139999389648438,25.06370735168457,1608200
2014-11-17,29.059999465942383,29.110000610351562,28.690000534057617,28.889999389648438,24.848670959472656,1963500
2014-11-18,28.920000076293945,29.139999389648438,28.920000076293945,29.0,24.97787857055664,1069400
2014-11-19,29.010000228881836,29.059999465942383,28.649999618530273,28.68000030517578,24.70224952697754,1747900
2014-11-20,28.450000762939453,29.0,28.3799991607666,28.989999771118164,24.96925926208496,1849300
2014-11-21,29.219999313354492,29.459999084472656,29.079999923706055,29.18000030517578,25.13290786743164,2998100
2014-11-24,29.290000915527344,29.5,29.170000076293945,29.329999923706055,25.26210594177246,1319300
2014-11-25,29.290000915527344,29.3700008392334,28.950000762939453,29.020000457763672,24.995098114013672,2446500
2014-11-26,28.979999542236328,29.09000015258789,28.799999237060547,28.889999389648438,24.88312530517578,887200
2014-11-28,28.969999313354492,29.0,27.959999084472656,28.059999465942383,24.16823959350586,1766200
2014-12-01,27.90999984741211,27.950000762939453,26.90999984741211,27.260000228881836,23.479204177856445,3945000
2014-12-02,27.309999465942383,27.790000915527344,27.209999084472656,27.530000686645508,23.711755752563477,1770900
2014-12-03,27.459999084472656,28.059999465942383,27.440000534057617,27.860000610351562,23.995986938476562,1698600
2014-12-04,27.530000686645508,27.979999542236328,27.530000686645508,27.81999969482422,23.961524963378906,1296700
2014-12-05,28.010000228881836,29.0,27.959999084472656,28.600000381469727,24.63335418701172,4964100
2014-12-08,28.6200008392334,28.729999542236328,28.200000762939453,28.489999771118164,24.53860855102539,3777200
2014-12-09,28.100000381469727,28.299999237060547,27.059999465942383,28.280000686645508,24.35773468017578,3209800
2014-12-10,28.299999237060547,28.40999984741211,27.459999084472656,27.520000457763672,23.70313835144043,2700300
2014-12-11,27.709999084472656,27.899999618530273,27.34000015258789,27.40999984741211,23.608394622802734,2642100
2014-12-12,27.219999313354492,27.31999969482422,26.940000534057617,26.979999542236328,23.238035202026367,2933000
2014-12-15,27.100000381469727,27.420000076293945,26.799999237060547,26.81999969482422,23.1002254486084,2975300
2014-12-16,26.770000457763672,27.260000228881836,26.489999771118164,26.739999771118164,23.03131866455078,3680100
2014-12-17,26.809999465942383,27.5,26.729999542236328,27.450000762939453,23.642847061157227,3567600
2014-12-18,27.940000534057617,28.200000762939453,27.690000534057617,28.200000762939453,24.28882598876953,2342700
2014-12-19,28.25,28.56999969482422,27.940000534057617,28.389999389648438,24.452472686767578,9852600
2014-12-22,28.40999984741211,28.489999771118164,28.010000228881836,28.18000030517578,24.271602630615234,1984300
2014-12-23,28.329999923706055,28.639999389648438,28.200000762939453,28.530000686645508,24.573060989379883,2204100
2014-12-24,28.549999237060547,28.649999618530273,28.280000686645508,28.520000457763672,24.564443588256836,1176800
2014-12-26,28.6200008392334,28.719999313354492,28.489999771118164,28.559999465942383,24.598896026611328,1014900
2014-12-29,28.40999984741211,28.889999389648438,28.399999618530273,28.719999313354492,24.73670768737793,1596600
2014-12-30,28.610000610351562,28.799999237060547,28.40999984741211,28.670000076293945,24.693639755249023,957700
2014-12-31,28.68000030517578,28.770000457763672,28.489999771118164,28.510000228881836,24.55582618713379,1470800
2015-01-02,28.670000076293945,28.719999313354492,28.059999465942383,28.290000915527344,24.366344451904297,2298700
2015-01-05,28.229999542236328,28.229999542236328,27.170000076293945,27.229999542236328,23.4533634185791,5326000
2015-01-06,27.200000762939453,27.329999923706055,25.979999542236328,26.190000534057617,22.557605743408203,9086500
2015-01-07,26.420000076293945,26.68000030517578,26.100000381469727,26.440000534057617,22.772930145263672,2759900
2015-01-08,26.700000762939453,26.950000762939453,26.59000015258789,26.809999465942383,23.091615676879883,1831500
2015-01-09,26.81999969482422,26.989999771118164,25.979999542236328,26.059999465942383,22.445632934570312,1877100
2015-01-12,25.989999771118164,26.020000457763672,25.559999465942383,25.65999984741211,22.101110458374023,1923500
2015-01-13,25.760000228881836,25.979999542236328,24.979999542236328,25.219999313354492,21.722137451171875,3721600
2015-01-14,24.860000610351562,25.149999618530273,24.389999389648438,24.790000915527344,21.351770401000977,4121400
2015-01-15,24.809999465942383,24.969999313354492,24.25,24.489999771118164,21.093379974365234,3293500
2015-01-16,24.469999313354492,24.81999969482422,24.459999084472656,24.780000686645508,21.343158721923828,3462400
2015-01-20,24.8700008392334,24.969999313354492,24.34000015258789,24.389999389648438,21.007247924804688,2361800
2015-01-21,24.350000381469727,24.760000228881836,24.229999542236328,24.450000762939453,21.058927536010742,2201800
2015-01-22,24.6200008392334,25.399999618530273,24.549999237060547,25.270000457763672,21.765201568603516,3001600
2015-01-23,25.209999084472656,25.399999618530273,24.770000457763672,24.809999465942383,21.369001388549805,1589400
2015-01-26,24.65999984741211,25.149999618530273,24.510000228881836,25.1200008392334,21.63600730895996,3854500
2015-01-27,24.260000228881836,25.09000015258789,23.780000686645508,24.709999084472656,21.282869338989258,4524200
2015-01-28,24.790000915527344,25.399999618530273,23.860000610351562,23.8700008392334,20.55937385559082,2822300
2015-01-29,23.920000076293945,24.290000915527344,23.719999313354492,24.25,20.886669158935547,2748200
2015-01-30,23.969999313354492,24.3799991607666,23.719999313354492,23.959999084472656,20.636892318725586,2481700
2015-02-02,24.1200008392334,24.700000762939453,23.899999618530273,24.6200008392334,21.205352783203125,2788800
2015-02-03,24.850000381469727,25.43000030517578,24.770000457763672,25.299999237060547,21.791040420532227,2981300
2015-02-04,25.149999618530273,25.420000076293945,24.770000457763672,24.81999969482422,21.377613067626953,2697800
2015-02-05,24.829999923706055,25.739999771118164,24.829999923706055,25.700000762939453,22.135562896728516,3078500
2015-02-06,26.040000915527344,26.700000762939453,25.989999771118164,26.09000015258789,22.47147560119629,3634500
2015-02-09,25.889999389648438,26.209999084472656,25.770000457763672,25.799999237060547,22.221691131591797,2354000
2015-02-10,25.850000381469727,25.950000762939453,25.559999465942383,25.670000076293945,22.10972023010254,1935200
2015-02-11,25.549999237060547,25.780000686645508,25.309999465942383,25.510000228881836,21.97191619873047,2082900
2015-02-12,25.68000030517578,26.31999969482422,25.510000228881836,26.270000457763672,22.626502990722656,2538900
2015-02-13,26.3799991607666,26.690000534057617,26.25,26.31999969482422,22.669570922851562,1716800
2015-02-17,26.25,26.6200008392334,26.040000915527344,26.600000381469727,22.945608139038086,2076800
2015-02-18,26.450000762939453,26.579999923706055,25.979999542236328,26.040000915527344,22.462543487548828,1519100
2015-02-19,25.850000381469727,26.200000762939453,25.530000686645508,25.959999084472656,22.39352798461914,1798400
2015-02-20,25.829999923706055,26.440000534057617,25.559999465942383,26.329999923706055,22.712705612182617,1882000
2015-02-23,26.209999084472656,26.34000015258789,26.06999969482422,26.309999465942383,22.695453643798828,2300300
2015-02-24,26.31999969482422,26.709999084472656,26.219999313354492,26.459999084472656,22.82484245300293,2259900
2015-02-25,26.450000762939453,26.540000915527344,26.389999389648438,26.459999084472656,22.82484245300293,1016300
2015-02-26,26.389999389648438,26.520000457763672,26.219999313354492,26.43000030517578,22.79896354675293,1354100
2015-02-27,26.520000457763672,26.950000762939453,26.34000015258789,26.739999771118164,23.066373825073242,2566400
2015-03-02,26.670000076293945,27.1200008392334,26.510000228881836,27.110000610351562,23.385541915893555,2101800
2015-03-03,26.760000228881836,27.15999984741211,26.760000228881836,27.0,23.290660858154297,3237400
2015-03-04,27.020000457763672,27.239999771118164,26.690000534057617,27.239999771118164,23.497684478759766,3223200
2015-03-05,27.350000381469727,27.450000762939453,26.8799991607666,27.420000076293945,23.652956008911133,2328100
2015-03-06,26.84000015258789,27.75,26.84000015258789,27.34000015258789,23.583942413330078,4850300
2015-03-09,27.329999923706055,27.59000015258789,27.219999313354492,27.459999084472656,23.687461853027344,1727600
2015-03-10,27.09000015258789,27.290000915527344,26.549999237060547,26.549999237060547,22.902477264404297,2973800
2015-03-11,26.56999969482422,27.1299991607666,26.5,27.079999923706055,23.35966682434082,3318800
2015-03-12,27.440000534057617,28.1200008392334,27.260000228881836,28.040000915527344,24.187776565551758,4569500
2015-03-13,28.020000457763672,28.020000457763672,27.200000762939453,27.59000015258789,23.799602508544922,2685000
2015-03-16,27.600000381469727,27.770000457763672,27.200000762939453,27.440000534057617,23.67020606994629,3349800
2015-03-17,27.18000030517578,27.3799991607666,27.059999465942383,27.350000381469727,23.592573165893555,4002800
2015-03-18,27.270000457763672,27.559999465942383,26.780000686645508,27.139999389648438,23.41142463684082,3776300
2015-03-19,27.059999465942383,27.1299991607666,26.399999618530273,26.510000228881836,22.86797332763672,2984700
2015-03-20,26.799999237060547,27.469999313354492,26.719999313354492,27.450000762939453,23.678829193115234,4265100
2015-03-23,27.450000762939453,27.530000686645508,27.149999618530273,27.260000228881836,23.51494026184082,1792300
2015-03-24,27.200000762939453,27.229999542236328,26.969999313354492,27.09000015258789,23.368295669555664,1955300
2015-03-25,27.149999618530273,27.149999618530273,26.469999313354492,26.479999542236328,22.842090606689453,1398800
2015-03-26,26.3799991607666,26.790000915527344,26.139999389648438,26.729999542236328,23.05774688720703,2469400
2015-03-27,26.610000610351562,26.75,26.190000534057617,26.420000076293945,22.790340423583984,1614300
2015-03-30,26.56999969482422,27.139999389648438,26.5,27.0,23.290660858154297,1588700
2015-03-31,26.829999923706055,27.059999465942383,26.65999984741211,27.0,23.290660858154297,1419300
2015-04-01,27.010000228881836,27.059999465942383,26.639999389648438,26.93000030517578,23.230274200439453,1537600
2015-04-02,26.8799991607666,27.190000534057617,26.81999969482422,27.110000610351562,23.385541915893555,1464600
2015-04-06,26.790000915527344,27.040000915527344,26.200000762939453,26.899999618530273,23.204391479492188,1555300
2015-04-07,26.799999237060547,27.350000381469727,26.790000915527344,27.209999084472656,23.4718074798584,1893600
2015-04-08,27.219999313354492,27.420000076293945,26.969999313354492,27.270000457763672,23.523561477661133,2169400
2015-04-09,27.229999542236328,27.59000015258789,27.059999465942383,27.540000915527344,23.756471633911133,2009600
2015-04-10,27.520000457763672,27.639999389648438,27.18000030517578,27.329999923706055,23.575319290161133,1110000
2015-04-13,27.350000381469727,27.799999237060547,27.290000915527344,27.649999618530273,23.851354598999023,1560900
2015-04-14,27.549999237060547,27.670000076293945,27.270000457763672,27.440000534057617,23.67020606994629,1304300
2015-04-15,27.399999618530273,28.110000610351562,27.239999771118164,27.920000076293945,24.084259033203125,2027200
2015-04-16,27.889999389648438,27.979999542236328,27.520000457763672,27.780000686645508,23.9634952545166,1438300
2015-04-17,27.59000015258789,27.84000015258789,27.299999237060547,27.389999389648438,23.627077102661133,1814700
2015-04-20,27.489999771118164,27.600000381469727,27.190000534057617,27.459999084472656,23.687461853027344,2732100
2015-04-21,27.280000686645508,27.6200008392334,26.940000534057617,27.219999313354492,23.480430603027344,2552700
2015-04-22,27.75,28.09000015258789,27.299999237060547,27.889999389648438,24.058382034301758,2669100
2015-04-23,27.719999313354492,27.920000076293945,27.530000686645508,27.700000762939453,23.894489288330078,1512000
2015-04-24,27.649999618530273,27.75,27.40999984741211,27.610000610351562,23.816850662231445,1447400
2015-04-27,27.719999313354492,27.979999542236328,27.329999923706055,27.489999771118164,23.71333885192871,1892600
2015-04-28,27.549999237060547,27.950000762939453,27.219999313354492,27.8799991607666,24.049758911132812,1430300
2015-04-29,27.770000457763672,28.450000762939453,27.719999313354492,28.290000915527344,24.403427124023438,2656900
2015-04-30,28.170000076293945,28.649999618530273,27.719999313354492,28.34000015258789,24.446565628051758,2752300
2015-05-01,28.520000457763672,28.6200008392334,28.200000762939453,28.31999969482422,24.429309844970703,1885400
2015-05-04,28.399999618530273,28.780000686645508,28.290000915527344,28.75,24.80023765563965,1830200
2015-05-05,28.719999313354492,29.09000015258789,28.600000381469727,28.639999389648438,24.705341339111328,2034200
2015-05-06,28.760000228881836,28.860000610351562,28.540000915527344,28.780000686645508,24.82611656188965,1948500
2015-05-07,28.649999618530273,28.760000228881836,28.389999389648438,28.579999923706055,24.65359115600586,3538400
2015-05-08,28.709999084472656,28.81999969482422,28.43000030517578,28.719999313354492,24.77435874938965,1907100
2015-05-11,28.690000534057617,28.8700008392334,28.56999969482422,28.719999313354492,24.77435874938965,1444700
2015-05-12,28.649999618530273,28.989999771118164,28.510000228881836,28.899999618530273,24.92962646484375,1540900
2015-05-13,28.8799991607666,29.170000076293945,28.68000030517578,29.139999389648438,25.136653900146484,1532100
2015-05-14,29.309999465942383,29.309999465942383,28.90999984741211,29.15999984741211,25.153907775878906,1756300
2015-05-15,29.3799991607666,29.3799991607666,28.600000381469727,28.739999771118164,24.791610717773438,1425800
2015-05-18,28.770000457763672,29.260000228881836,28.719999313354492,29.170000076293945,25.162538528442383,1290300
2015-05-19,29.299999237060547,29.520000457763672,29.139999389648438,29.43000030517578,25.439138412475586,1844500
2015-05-20,29.399999618530273,29.420000076293945,29.049999237060547,29.110000610351562,25.16253662109375,1176500
2015-05-21,28.610000610351562,29.200000762939453,28.5,29.09000015258789,25.145248413085938,1231200
2015-05-22,29.100000381469727,29.170000076293945,28.950000762939453,29.020000457763672,25.084741592407227,1094100
2015-05-26,28.8700008392334,29.1200008392334,28.799999237060547,28.959999084472656,25.032869338989258,1645700
2015-05-27,28.979999542236328,29.290000915527344,28.8700008392334,29.260000228881836,25.292192459106445,1434000
2015-05-28,29.110000610351562,29.299999237060547,28.979999542236328,29.1200008392334,25.171178817749023,1435900
2015-05-29,29.209999084472656,29.270000457763672,28.860000610351562,28.8799991607666,24.963720321655273,2361100
2015-06-01,29.040000915527344,29.06999969482422,28.299999237060547,28.600000381469727,24.721696853637695,3798000
2015-06-02,29.959999084472656,30.600000381469727,29.809999465942383,30.520000457763672,26.381328582763672,10810200
2015-06-03,30.600000381469727,31.25,30.420000076293945,30.920000076293945,26.727087020874023,4823200
2015-06-04,30.860000610351562,31.290000915527344,30.6299991607666,30.790000915527344,26.614715576171875,3869500
2015-06-05,31.229999542236328,32.150001525878906,31.0,31.84000015258789,27.5223331451416,6932000
2015-06-08,31.84000015258789,32.130001068115234,31.649999618530273,31.809999465942383,27.496400833129883,3708100
2015-06-09,31.940000534057617,32.2400016784668,31.780000686645508,31.860000610351562,27.53962516784668,2852700
2015-06-10,32.209999084472656,32.65999984741211,32.02000045776367,32.40999984741211,28.015039443969727,4370500
2015-06-11,32.36000061035156,32.529998779296875,31.850000381469727,31.940000534057617,27.608768463134766,3543900
2015-06-12,31.8700008392334,31.979999542236328,31.690000534057617,31.950000762939453,27.617416381835938,2367500
2015-06-15,31.65999984741211,32.29999923706055,31.510000228881836,32.119998931884766,27.764358520507812,2204100
2015-06-16,31.989999771118164,32.599998474121094,31.950000762939453,32.2599983215332,27.885379791259766,2506800
2015-06-17,32.41999816894531,32.560001373291016,31.809999465942383,31.90999984741211,27.582841873168945,2303800
2015-06-18,31.90999984741211,32.150001525878906,31.530000686645508,32.02000045776367,27.677928924560547,3032000
2015-06-19,31.950000762939453,32.209999084472656,31.270000457763672,31.530000686645508,27.254371643066406,5204200
2015-06-22,31.790000915527344,32.11000061035156,31.549999237060547,32.09000015258789,27.738431930541992,2676000
2015-06-23,32.20000076293945,32.4900016784668,32.0099983215332,32.38999938964844,27.997745513916016,1488900
2015-06-24,32.33000183105469,32.54999923706055,32.15999984741211,32.18000030517578,27.816225051879883,1285400
2015-06-25,32.369998931884766,32.599998474121094,32.099998474121094,32.209999084472656,27.84215545654297,1716000
2015-06-26,33.029998779296875,33.029998779296875,32.369998931884766,32.4900016784668,28.084186553955078,2812200
2015-06-29,31.860000610351562,32.25,31.5,31.520000457763672,27.245725631713867,2136500
2015-06-30,31.950000762939453,32.349998474121094,31.600000381469727,31.739999771118164,27.435894012451172,2058400
2015-07-01,32.029998779296875,32.189998626708984,31.75,31.950000762939453,27.617416381835938,2668700
2015-07-02,31.8799991607666,31.8799991607666,31.1299991607666,31.5,27.22844123840332,2689100
2015-07-06,30.989999771118164,31.239999771118164,30.790000915527344,31.190000534057617,26.960479736328125,2936700
2015-07-07,31.139999389648438,31.239999771118164,30.020000457763672,30.540000915527344,26.398622512817383,4946400
2015-07-08,30.360000610351562,30.360000610351562,29.649999618530273,29.75,25.715742111206055,4686400
2015-07-09,30.280000686645508,30.520000457763672,30.059999465942383,30.40999984741211,26.28624725341797,3207400
2015-07-10,30.649999618530273,31.110000610351562,30.5,31.030000686645508,26.82216453552246,3163400
2015-07-13,31.260000228881836,31.520000457763672,31.149999618530273,31.309999465942383,27.064205169677734,1934400
2015-07-14,30.940000534057617,31.299999237060547,30.68000030517578,31.1200008392334,26.899965286254883,4200100
2015-07-15,31.260000228881836,31.559999465942383,30.700000762939453,31.510000228881836,27.237083435058594,2421600
2015-07-16,31.799999237060547,31.950000762939453,31.5,31.520000457763672,27.245725631713867,2633900
2015-07-17,31.3799991607666,31.3799991607666,30.31999969482422,30.43000030517578,26.30353546142578,5628300
2015-07-20,30.670000076293945,30.979999542236328,30.229999542236328,30.56999969482422,26.424549102783203,3785800
2015-07-21,31.40999984741211,31.90999984741211,31.100000381469727,31.489999771118164,27.21979331970215,8118900
2015-07-22,31.399999618530273,32.15999984741211,31.389999389648438,31.93000030517578,27.600128173828125,4141200
2015-07-23,31.90999984741211,32.41999816894531,31.479999542236328,31.59000015258789,27.306232452392578,3759300
2015-07-24,31.440000534057617,31.68000030517578,31.239999771118164,31.389999389648438,27.133350372314453,2647200
2015-07-27,31.170000076293945,31.280000686645508,30.760000228881836,30.959999084472656,26.761667251586914,2778500
2015-07-28,31.1200008392334,31.280000686645508,30.780000686645508,31.06999969482422,26.856748580932617,2284700
2015-07-29,30.979999542236328,31.469999313354492,30.6299991607666,31.299999237060547,27.055561065673828,3003200
2015-07-30,31.139999389648438,31.489999771118164,31.0,31.40999984741211,27.150638580322266,2040000
2015-07-31,31.469999313354492,31.469999313354492,31.09000015258789,31.190000534057617,26.960479736328125,2192300
2015-08-03,31.25,31.399999618530273,30.690000534057617,30.84000015258789,26.657934188842773,3345500
2015-08-04,30.84000015258789,31.239999771118164,30.6299991607666,30.829999923706055,26.649290084838867,2909200
2015-08-05,31.290000915527344,31.639999389648438,31.010000228881836,31.239999771118164,27.003694534301758,1948200
2015-08-06,31.299999237060547,31.489999771118164,30.889999389648438,31.010000228881836,26.80488395690918,1722000
2015-08-07,31.06999969482422,31.190000534057617,30.479999542236328,30.719999313354492,26.554208755493164,1484800
2015-08-10,30.770000457763672,31.540000915527344,30.770000457763672,31.520000457763672,27.245725631713867,1903600
2015-08-11,31.1200008392334,31.309999465942383,30.510000228881836,30.639999389648438,26.485057830810547,2066500
2015-08-12,30.219999313354492,30.270000457763672,29.559999465942383,29.979999542236328,25.9145565032959,2795400
2015-08-13,29.989999771118164,30.239999771118164,29.84000015258789,30.1200008392334,26.035573959350586,1825300
2015-08-14,30.209999084472656,30.559999465942383,30.110000610351562,30.5,26.364046096801758,1867600
2015-08-17,30.209999084472656,30.649999618530273,29.799999237060547,30.3799991607666,26.26031494140625,2192200
2015-08-18,30.850000381469727,31.0,30.299999237060547,30.600000381469727,26.502824783325195,3530900
2015-08-19,30.579999923706055,30.579999923706055,30.09000015258789,30.09000015258789,26.061113357543945,2921400
2015-08-20,29.850000381469727,29.850000381469727,28.799999237060547,28.809999465942383,24.952499389648438,3753300
2015-08-21,28.469999313354492,28.6299991607666,28.030000686645508,28.139999389648438,24.37220573425293,4668900
2015-08-24,26.729999542236328,27.860000610351562,26.420000076293945,26.93000030517578,23.324220657348633,5870400
2015-08-25,27.540000915527344,27.6200008392334,26.510000228881836,26.520000457763672,22.969112396240234,4869600
2015-08-26,27.329999923706055,27.75,26.899999618530273,27.700000762939453,23.991121292114258,3732500
2015-08-27,28.079999923706055,29.030000686645508,28.0,28.799999237060547,24.943830490112305,4923700
2015-08-28,28.6200008392334,29.1200008392334,28.540000915527344,28.920000076293945,25.04776382446289,2264600
2015-08-31,28.59000015258789,29.06999969482422,28.25,29.0,25.1170597076416,2329200
2015-09-01,28.229999542236328,28.43000030517578,27.489999771118164,27.65999984741211,23.956480026245117,3091900
2015-09-02,28.110000610351562,28.280000686645508,27.6200008392334,28.200000762939453,24.424169540405273,2744100
2015-09-03,28.260000228881836,28.799999237060547,28.15999984741211,28.520000457763672,24.701324462890625,2616800
2015-09-04,27.920000076293945,28.299999237060547,27.489999771118164,28.010000228881836,24.259613037109375,2587000
2015-09-08,28.579999923706055,28.690000534057617,28.209999084472656,28.68000030517578,24.839902877807617,1435300
2015-09-09,29.010000228881836,29.09000015258789,28.25,28.309999465942383,24.519445419311523,1901400
2015-09-10,28.209999084472656,28.770000457763672,28.0,28.56999969482422,24.744630813598633,2047500
2015-09-11,27.93000030517578,28.450000762939453,27.93000030517578,28.34000015258789,24.54543113708496,1918000
2015-09-14,28.31999969482422,28.559999465942383,28.09000015258789,28.229999542236328,24.45016098022461,2914200
2015-09-15,28.3799991607666,28.889999389648438,28.079999923706055,28.75,24.900529861450195,2460500
2015-09-16,29.260000228881836,29.270000457763672,28.739999771118164,29.15999984741211,25.255634307861328,3133500
2015-09-17,29.15999984741211,29.420000076293945,28.09000015258789,28.170000076293945,24.398189544677734,4307500
2015-09-18,27.729999542236328,27.799999237060547,27.149999618530273,27.469999313354492,23.79191780090332,5172600
2015-09-21,27.559999465942383,28.1299991607666,27.469999313354492,27.84000015258789,24.112375259399414,2423800
2015-09-22,27.110000610351562,27.6299991607666,27.110000610351562,27.559999465942383,23.8698673248291,2089400
2015-09-23,27.540000915527344,27.84000015258789,27.350000381469727,27.540000915527344,23.852540969848633,1422000
2015-09-24,27.139999389648438,27.670000076293945,27.1299991607666,27.6200008392334,23.921831130981445,1735500
2015-09-25,28.020000457763672,28.40999984741211,27.989999771118164,28.190000534057617,24.415512084960938,3167700
2015-09-28,27.950000762939453,28.15999984741211,27.1299991607666,27.34000015258789,23.679323196411133,3326800
2015-09-29,27.43000030517578,27.75,27.18000030517578,27.3799991607666,23.713966369628906,2958200
2015-09-30,27.6299991607666,27.799999237060547,27.149999618530273,27.540000915527344,23.852540969848633,3514200
2015-10-01,27.6200008392334,27.709999084472656,27.190000534057617,27.530000686645508,23.843883514404297,2795500
2015-10-02,26.799999237060547,27.31999969482422,26.219999313354492,27.31999969482422,23.662004470825195,3315700
2015-10-05,27.489999771118164,27.969999313354492,27.260000228881836,27.860000610351562,24.129697799682617,1924800
2015-10-06,27.739999771118164,28.15999984741211,27.610000610351562,28.1299991607666,24.36354637145996,2189700
2015-10-07,28.309999465942383,28.8799991607666,28.209999084472656,28.719999313354492,24.87454605102539,3028100
2015-10-08,28.559999465942383,28.979999542236328,28.3799991607666,28.760000228881836,24.90919303894043,2173800
2015-10-09,28.729999542236328,28.959999084472656,28.1299991607666,28.309999465942383,24.519445419311523,1991200
2015-10-12,28.270000457763672,28.489999771118164,28.1200008392334,28.469999313354492,24.65802001953125,913000
2015-10-13,28.34000015258789,28.6299991607666,28.280000686645508,28.489999771118164,24.67534637451172,2042700
2015-10-14,28.520000457763672,28.520000457763672,27.600000381469727,27.799999237060547,24.077726364135742,2793400
2015-10-15,28.110000610351562,28.270000457763672,27.860000610351562,28.239999771118164,24.458812713623047,1813900
2015-10-16,28.3799991607666,28.520000457763672,27.920000076293945,28.149999618530273,24.380870819091797,1743100
2015-10-19,27.969999313354492,28.25,27.829999923706055,27.899999618530273,24.164337158203125,2475400
2015-10-20,27.829999923706055,28.6200008392334,27.780000686645508,28.360000610351562,24.562747955322266,2907100
2015-10-21,28.479999542236328,28.5,27.510000228881836,27.520000457763672,23.83521842956543,2313400
2015-10-22,27.6299991607666,28.360000610351562,27.6299991607666,27.90999984741211,24.173004150390625,2080100
2015-10-23,28.15999984741211,28.610000610351562,28.020000457763672,28.59000015258789,24.76194953918457,3213800
2015-10-26,28.59000015258789,28.700000762939453,28.139999389648438,28.489999771118164,24.67534637451172,2051000
2015-10-27,28.239999771118164,28.440000534057617,27.889999389648438,28.059999465942383,24.302915573120117,1572000
2015-10-28,28.170000076293945,29.399999618530273,28.059999465942383,29.3799991607666,25.446176528930664,2333100
2015-10-29,29.399999618530273,29.739999771118164,29.260000228881836,29.479999542236328,25.532793045043945,2375500
2015-10-30,29.520000457763672,29.600000381469727,28.65999984741211,28.770000457763672,24.917858123779297,2775000
2015-11-02,28.93000030517578,29.309999465942383,28.780000686645508,29.200000762939453,25.290283203125,1947700
2015-11-03,29.100000381469727,29.309999465942383,28.940000534057617,28.969999313354492,25.09107780456543,2413900
2015-11-04,29.100000381469727,29.290000915527344,28.889999389648438,29.110000610351562,25.21232795715332,1863400
2015-11-05,29.1200008392334,29.8700008392334,29.049999237060547,29.709999084472656,25.731990814208984,3032100
2015-11-06,30.420000076293945,31.18000030517578,30.3799991607666,30.690000534057617,26.58077621459961,3536200
2015-11-09,30.969999313354492,30.979999542236328,30.280000686645508,30.540000915527344,26.45086097717285,2032700
2015-11-10,30.43000030517578,30.790000915527344,30.200000762939453,30.780000686645508,26.65872573852539,2040200
2015-11-11,30.81999969482422,31.059999465942383,30.3700008392334,30.479999542236328,26.398889541625977,1924200
2015-11-12,30.18000030517578,30.3700008392334,29.760000228881836,29.770000457763672,25.783960342407227,2036000
2015-11-13,29.6299991607666,29.90999984741211,29.270000457763672,29.479999542236328,25.532793045043945,2940200
2015-11-16,29.34000015258789,29.65999984741211,29.040000915527344,29.639999389648438,25.723722457885742,2510200
2015-11-17,29.75,30.15999984741211,29.579999923706055,29.75,25.819189071655273,1991300
2015-11-18,29.940000534057617,30.260000228881836,29.549999237060547,30.219999313354492,26.227083206176758,2884300
2015-11-19,30.049999237060547,30.209999084472656,29.780000686645508,29.93000030517578,25.97540283203125,1484300
2015-11-20,29.989999771118164,30.190000534057617,29.790000915527344,29.93000030517578,25.97540283203125,2092400
2015-11-23,29.920000076293945,30.190000534057617,29.809999465942383,29.8700008392334,25.92333221435547,1438700
2015-11-24,29.729999542236328,30.049999237060547,29.530000686645508,29.950000762939453,25.99275779724121,1608600
2015-11-25,29.969999313354492,30.110000610351562,29.81999969482422,29.940000534057617,25.98407554626465,1086200
2015-11-27,30.0,30.100000381469727,29.5,30.09000015258789,26.1142578125,763200
2015-11-30,30.209999084472656,30.280000686645508,29.829999923706055,29.959999084472656,26.001441955566406,2614000
2015-12-01,30.110000610351562,30.450000762939453,30.020000457763672,30.40999984741211,26.391977310180664,2533000
2015-12-02,30.5,30.549999237060547,29.8700008392334,29.940000534057617,25.98407554626465,2483900
2015-12-03,30.139999389648438,30.209999084472656,29.360000610351562,29.469999313354492,25.57617950439453,2307600
2015-12-04,29.59000015258789,30.280000686645508,29.43000030517578,30.190000534057617,26.201053619384766,3099800
2015-12-07,30.049999237060547,30.1200008392334,28.809999465942383,28.920000076293945,25.098852157592773,3957000
2015-12-08,28.56999969482422,28.760000228881836,27.889999389648438,28.0,24.3004093170166,4409000
2015-12-09,27.889999389648438,28.43000030517578,27.510000228881836,27.790000915527344,24.11815643310547,3982800
2015-12-10,27.790000915527344,28.65999984741211,27.610000610351562,28.200000762939453,24.473989486694336,3787700
2015-12-11,27.68000030517578,27.959999084472656,27.200000762939453,27.360000610351562,23.74497413635254,3769900
2015-12-14,27.479999542236328,27.68000030517578,26.530000686645508,26.950000762939453,23.389148712158203,4891300
2015-12-15,27.40999984741211,28.139999389648438,27.260000228881836,27.90999984741211,24.222305297851562,3638200
2015-12-16,28.149999618530273,28.399999618530273,27.40999984741211,28.209999084472656,24.482662200927734,4715500
2015-12-17,28.309999465942383,28.43000030517578,27.75,27.760000228881836,24.092121124267578,2204100
2015-12-18,27.420000076293945,27.600000381469727,26.520000457763672,26.709999084472656,23.180850982666016,11655100
2015-12-21,27.0,27.059999465942383,26.43000030517578,26.770000457763672,23.232929229736328,3343600
2015-12-22,27.010000228881836,27.270000457763672,26.520000457763672,27.15999984741211,23.571393966674805,3002400
2015-12-23,27.399999618530273,27.719999313354492,27.079999923706055,27.670000076293945,24.01401138305664,3470700
2015-12-24,27.6299991607666,28.010000228881836,27.59000015258789,27.780000686645508,24.109474182128906,857100
2015-12-28,27.6299991607666,27.690000534057617,27.200000762939453,27.639999389648438,23.98797607421875,1476700
2015-12-29,27.8799991607666,28.049999237060547,27.59000015258789,27.809999465942383,24.135513305664062,1659000
2015-12-30,27.68000030517578,27.770000457763672,27.420000076293945,27.469999313354492,23.840436935424805,1010700
2015-12-31,27.260000228881836,27.639999389648438,27.139999389648438,27.299999237060547,23.692899703979492,1737600
2016-01-04,26.559999465942383,26.90999984741211,26.229999542236328,26.709999084472656,23.180850982666016,3523300
2016-01-05,26.770000457763672,26.850000381469727,26.239999771118164,26.420000076293945,22.92917251586914,2653600
2016-01-06,25.90999984741211,26.0,25.469999313354492,25.649999618530273,22.26091194152832,4164200
2016-01-07,24.969999313354492,25.459999084472656,24.809999465942383,24.8799991607666,21.592649459838867,4234000
2016-01-08,25.18000030517578,25.209999084472656,24.549999237060547,24.600000381469727,21.34964942932129,3401600
2016-01-11,24.790000915527344,24.809999465942383,24.0,24.110000610351562,20.924388885498047,4627200
2016-01-12,24.420000076293945,24.510000228881836,23.260000228881836,24.010000228881836,20.83759880065918,4346900
2016-01-13,24.15999984741211,24.15999984741211,22.610000610351562,22.889999389648438,19.865583419799805,6543500
2016-01-14,23.100000381469727,23.290000915527344,22.34000015258789,22.989999771118164,19.952369689941406,5925700
2016-01-15,22.06999969482422,22.420000076293945,21.84000015258789,22.34000015258789,19.388256072998047,6297900
2016-01-19,22.700000762939453,22.700000762939453,21.709999084472656,21.940000534057617,19.04110336303711,3933700
2016-01-20,21.440000534057617,21.709999084472656,20.690000534057617,21.469999313354492,18.633203506469727,5413800
2016-01-21,21.469999313354492,21.780000686645508,21.010000228881836,21.09000015258789,18.30341339111328,4564800
2016-01-22,21.530000686645508,21.75,21.219999313354492,21.510000228881836,18.66792106628418,3626300
2016-01-25,21.360000610351562,21.43000030517578,20.329999923706055,20.389999389648438,17.695907592773438,5023400
2016-01-26,20.739999771118164,21.760000228881836,20.729999542236328,21.25,18.44228172302246,6930500
2016-01-27,21.15999984741211,22.559999465942383,21.030000686645508,21.780000686645508,18.90224838256836,6364100
2016-01-28,22.1299991607666,22.920000076293945,22.030000686645508,22.149999618530273,19.223356246948242,5320200
2016-01-29,22.229999542236328,22.700000762939453,22.09000015258789,22.68000030517578,19.683330535888672,4663800
2016-02-01,22.549999237060547,22.649999618530273,22.270000457763672,22.5,19.527118682861328,3114100
2016-02-02,22.299999237060547,22.3700008392334,21.31999969482422,21.540000915527344,18.693954467773438,4338000
2016-02-03,21.760000228881836,21.84000015258789,20.780000686645508,21.780000686645508,18.90224838256836,4598800
2016-02-04,21.739999771118164,22.56999969482422,21.639999389648438,22.049999237060547,19.136568069458008,5028600
2016-02-05,22.149999618530273,22.3799991607666,21.559999465942383,21.6299991607666,18.772064208984375,3199300
2016-02-08,21.25,21.6299991607666,20.40999984741211,20.719999313354492,17.9822998046875,4836200
2016-02-09,20.329999923706055,20.979999542236328,20.15999984741211,20.770000457763672,18.02570152282715,4782800
2016-02-10,20.940000534057617,21.440000534057617,20.729999542236328,20.739999771118164,17.999666213989258,4048300
2016-02-11,20.100000381469727,20.229999542236328,19.649999618530273,19.899999618530273,17.270652770996094,4638800
2016-02-12,20.40999984741211,21.25,20.200000762939453,20.989999771118164,18.21662712097168,4314300
2016-02-16,21.34000015258789,21.90999984741211,20.989999771118164,21.68000030517578,18.86939811706543,3870400
2016-02-17,22.020000457763672,22.290000915527344,21.5,21.59000015258789,18.791065216064453,3119600
2016-02-18,21.68000030517578,22.149999618530273,21.030000686645508,21.170000076293945,18.42551612854004,4097400
2016-02-19,21.059999465942383,21.530000686645508,20.950000762939453,21.40999984741211,18.634403228759766,2326400
2016-02-22,21.649999618530273,22.25,21.6299991607666,22.209999084472656,19.3306884765625,4232200
2016-02-23,22.059999465942383,22.110000610351562,21.100000381469727,21.209999084472656,18.460330963134766,4109500
2016-02-24,20.68000030517578,20.989999771118164,20.079999923706055,20.68000030517578,17.999038696289062,5895900
2016-02-25,20.790000915527344,21.25,20.40999984741211,21.229999542236328,18.477737426757812,3852200
2016-02-26,21.549999237060547,22.09000015258789,21.350000381469727,21.770000457763672,18.947731018066406,4091400
2016-02-29,21.719999313354492,21.829999923706055,21.309999465942383,21.31999969482422,18.556068420410156,2987300
2016-03-01,21.459999084472656,22.639999389648438,21.399999618530273,22.309999465942383,19.417722702026367,3980000
2016-03-02,22.360000610351562,22.8799991607666,22.299999237060547,22.829999923706055,19.870311737060547,2334800
2016-03-03,22.799999237060547,23.56999969482422,22.739999771118164,23.559999465942383,20.50567626953125,3143500
2016-03-04,23.780000686645508,24.6299991607666,23.549999237060547,24.34000015258789,21.184553146362305,7573300
2016-03-07,24.100000381469727,24.600000381469727,23.700000762939453,24.440000534057617,21.271589279174805,3132400
2016-03-08,24.1200008392334,24.3700008392334,23.540000915527344,23.68000030517578,20.610118865966797,3099000
2016-03-09,23.950000762939453,24.040000915527344,23.420000076293945,23.579999923706055,20.523082733154297,2667100
2016-03-10,23.84000015258789,24.219999313354492,23.43000030517578,24.139999389648438,21.010486602783203,3777000
2016-03-11,24.420000076293945,24.969999313354492,24.40999984741211,24.93000030517578,21.69806480407715,3205700
2016-03-14,24.649999618530273,25.020000457763672,24.420000076293945,24.829999923706055,21.611032485961914,2527000
2016-03-15,24.5,24.860000610351562,24.15999984741211,24.829999923706055,21.611032485961914,3107300
2016-03-16,24.729999542236328,25.209999084472656,24.31999969482422,24.799999237060547,21.58492088317871,3566700
2016-03-17,24.790000915527344,25.09000015258789,24.3799991607666,25.010000228881836,21.767696380615234,2957100
2016-03-18,25.18000030517578,25.579999923706055,23.93000030517578,25.209999084472656,21.9417667388916,4923700
2016-03-21,25.219999313354492,25.600000381469727,25.010000228881836,25.389999389648438,22.098430633544922,2181200
2016-03-22,24.90999984741211,25.559999465942383,24.90999984741211,25.350000381469727,22.063617706298828,1898000
2016-03-23,25.239999771118164,25.31999969482422,24.850000381469727,24.940000534057617,21.706771850585938,2221000
2016-03-24,24.670000076293945,25.079999923706055,24.190000534057617,25.020000457763672,21.776399612426758,2812400
2016-03-28,25.06999969482422,25.270000457763672,24.610000610351562,24.75,21.54140281677246,2118100
2016-03-29,24.5,24.5,23.6200008392334,24.329999923706055,21.17584800720215,5249400
2016-03-30,24.68000030517578,25.010000228881836,24.200000762939453,24.6299991607666,21.43695831298828,2744900
2016-03-31,24.440000534057617,24.760000228881836,24.040000915527344,24.209999084472656,21.071407318115234,2789900
2016-04-01,24.0,24.190000534057617,23.56999969482422,24.170000076293945,21.03659439086914,2686800
2016-04-04,24.200000762939453,24.579999923706055,24.0,24.139999389648438,21.010486602783203,2499100
2016-04-05,23.790000915527344,24.020000457763672,23.540000915527344,23.65999984741211,20.592710494995117,2393400
2016-04-06,23.670000076293945,24.030000686645508,23.469999313354492,23.969999313354492,20.86252784729004,2118000
2016-04-07,23.6299991607666,23.729999542236328,23.139999389648438,23.299999237060547,20.279380798339844,2535300
2016-04-08,23.649999618530273,24.010000228881836,23.299999237060547,23.469999313354492,20.427339553833008,3110800
2016-04-11,23.670000076293945,24.110000610351562,23.56999969482422,23.719999313354492,20.644929885864258,1999200
2016-04-12,23.850000381469727,24.649999618530273,23.729999542236328,24.489999771118164,21.315105438232422,3151800
2016-04-13,24.510000228881836,25.40999984741211,24.489999771118164,25.329999923706055,22.04620933532715,4084600
2016-04-14,25.229999542236328,26.110000610351562,25.170000076293945,25.579999923706055,22.2637996673584,2952500
2016-04-15,25.649999618530273,25.700000762939453,25.34000015258789,25.540000915527344,22.228984832763672,2404600
2016-04-18,25.270000457763672,25.90999984741211,25.200000762939453,25.719999313354492,22.385650634765625,2251100
2016-04-19,25.850000381469727,26.299999237060547,25.6299991607666,26.290000915527344,22.881757736206055,2835700
2016-04-20,25.760000228881836,26.959999084472656,25.760000228881836,26.90999984741211,23.42137908935547,2993900
2016-04-21,26.979999542236328,27.3799991607666,26.670000076293945,26.719999313354492,23.25600814819336,2506700
2016-04-22,26.739999771118164,27.34000015258789,26.65999984741211,27.280000686645508,23.74341583251953,2924100
2016-04-25,27.1299991607666,27.350000381469727,26.770000457763672,27.290000915527344,23.75211524963379,4043800
2016-04-26,26.420000076293945,27.649999618530273,26.420000076293945,27.450000762939453,23.89137840270996,5047800
2016-04-27,27.450000762939453,27.860000610351562,27.229999542236328,27.84000015258789,24.230819702148438,3110200
2016-04-28,27.600000381469727,27.8700008392334,27.31999969482422,27.510000228881836,23.943592071533203,2744500
2016-04-29,27.43000030517578,27.760000228881836,27.229999542236328,27.520000457763672,23.952301025390625,3010500
2016-05-02,27.709999084472656,27.739999771118164,27.219999313354492,27.5,23.93488883972168,2275000
2016-05-03,27.079999923706055,27.350000381469727,26.59000015258789,26.829999923706055,23.35175132751465,2715600
2016-05-04,26.610000610351562,26.889999389648438,25.549999237060547,25.93000030517578,22.56842613220215,4993400
2016-05-05,26.030000686645508,26.219999313354492,25.690000534057617,25.8799991607666,22.524911880493164,2453600
2016-05-06,25.59000015258789,26.030000686645508,25.530000686645508,25.989999771118164,22.620651245117188,2274800
2016-05-09,26.219999313354492,26.219999313354492,25.649999618530273,26.020000457763672,22.64676284790039,2883700
2016-05-10,26.25,26.790000915527344,26.239999771118164,26.65999984741211,23.203792572021484,2953600
2016-05-11,26.530000686645508,27.06999969482422,26.459999084472656,26.65999984741211,23.203792572021484,2872900
2016-05-12,26.950000762939453,27.209999084472656,26.229999542236328,26.399999618530273,22.977495193481445,2444400
2016-05-13,26.309999465942383,26.75,25.790000915527344,25.8799991607666,22.524911880493164,2068200
2016-05-16,25.799999237060547,26.479999542236328,25.780000686645508,26.239999771118164,22.83823585510254,2695600
2016-05-17,26.049999237060547,26.639999389648438,25.90999984741211,26.200000762939453,22.85569190979004,3250500
2016-05-18,26.209999084472656,27.3799991607666,26.15999984741211,27.34000015258789,23.850170135498047,4099600
2016-05-19,27.100000381469727,27.780000686645508,26.690000534057617,26.940000534057617,23.50123405456543,3738100
2016-05-20,27.040000915527344,27.420000076293945,27.010000228881836,27.170000076293945,23.70186996459961,2141800
2016-05-23,27.15999984741211,27.350000381469727,26.81999969482422,27.139999389648438,23.675701141357422,1855300
2016-05-24,27.389999389648438,27.809999465942383,27.280000686645508,27.56999969482422,24.050813674926758,2007400
2016-05-25,27.700000762939453,28.479999542236328,27.639999389648438,28.170000076293945,24.5742244720459,3721600
2016-05-26,28.219999313354492,28.260000228881836,27.770000457763672,27.84000015258789,24.286348342895508,2513000
2016-05-27,27.920000076293945,28.170000076293945,27.68000030517578,28.15999984741211,24.565502166748047,2057300
2016-05-31,28.389999389648438,28.479999542236328,27.920000076293945,28.020000457763672,24.44337272644043,2272600
2016-06-01,27.770000457763672,28.399999618530273,27.40999984741211,28.389999389648438,24.766136169433594,2606500
2016-06-02,28.290000915527344,28.670000076293945,28.149999618530273,28.670000076293945,25.010400772094727,2300500
2016-06-03,28.1200008392334,28.3799991607666,27.450000762939453,28.34000015258789,24.722524642944336,4566700
2016-06-06,28.40999984741211,29.229999542236328,28.360000610351562,29.1299991607666,25.411685943603516,4002700
2016-06-07,29.459999084472656,29.459999084472656,28.979999542236328,29.030000686645508,25.324451446533203,3671400
2016-06-08,29.020000457763672,29.299999237060547,28.8799991607666,29.110000610351562,25.394237518310547,2238100
2016-06-09,28.920000076293945,28.959999084472656,28.420000076293945,28.700000762939453,25.036575317382812,3420600
2016-06-10,28.229999542236328,28.299999237060547,27.8700008392334,27.989999771118164,24.417198181152344,2680800
2016-06-13,27.65999984741211,28.100000381469727,27.520000457763672,27.520000457763672,24.00719451904297,2978300
2016-06-14,27.360000610351562,27.65999984741211,26.700000762939453,26.81999969482422,23.396547317504883,3370000
2016-06-15,26.93000030517578,27.579999923706055,26.770000457763672,26.920000076293945,23.483779907226562,3467500
2016-06-16,26.649999618530273,26.799999237060547,26.149999618530273,26.43000030517578,23.05632209777832,3933200
2016-06-17,26.549999237060547,26.90999984741211,26.31999969482422,26.6299991607666,23.230796813964844,5174100
2016-06-20,27.170000076293945,27.420000076293945,26.610000610351562,26.670000076293945,23.26569175720215,2589700
2016-06-21,26.739999771118164,26.8700008392334,26.34000015258789,26.81999969482422,23.396547317504883,1941100
2016-06-22,26.81999969482422,27.290000915527344,26.610000610351562,26.969999313354492,23.52739143371582,2940100
2016-06-23,27.450000762939453,28.170000076293945,27.309999465942383,28.15999984741211,24.565502166748047,3015800
2016-06-24,26.350000381469727,26.780000686645508,25.280000686645508,25.290000915527344,22.061843872070312,7663300
2016-06-27,24.920000076293945,25.110000610351562,23.34000015258789,23.59000015258789,20.578838348388672,4683900
2016-06-28,24.1200008392334,24.5,23.860000610351562,24.389999389648438,21.2767276763916,4786600
2016-06-29,24.40999984741211,25.030000686645508,24.270000457763672,24.989999771118164,21.80013656616211,4861000
2016-06-30,25.290000915527344,25.459999084472656,24.850000381469727,25.1299991607666,21.92226791381836,6934000
2016-07-01,24.93000030517578,25.239999771118164,24.5,24.920000076293945,21.739072799682617,4301700
2016-07-05,24.469999313354492,24.520000457763672,23.020000457763672,23.440000534057617,20.447988510131836,7121700
2016-07-06,23.290000915527344,23.989999771118164,23.020000457763672,23.989999771118164,20.927780151367188,5310900
2016-07-07,24.5,24.709999084472656,24.100000381469727,24.40999984741211,21.294170379638672,4741400
2016-07-08,24.81999969482422,25.1200008392334,24.549999237060547,24.739999771118164,21.582048416137695,4748900
2016-07-11,25.0,25.270000457763672,24.799999237060547,24.93000030517578,21.747800827026367,3581700
2016-07-12,25.350000381469727,25.760000228881836,25.15999984741211,25.610000610351562,22.340999603271484,4194700
2016-07-13,25.520000457763672,25.709999084472656,25.270000457763672,25.549999237060547,22.288652420043945,2856900
2016-07-14,26.110000610351562,26.290000915527344,25.84000015258789,26.020000457763672,22.698659896850586,2867700
2016-07-15,26.25,26.270000457763672,25.899999618530273,26.010000228881836,22.68994140625,2257700
2016-07-18,26.0,26.09000015258789,25.739999771118164,25.860000610351562,22.559080123901367,2414100
2016-07-19,25.790000915527344,26.110000610351562,25.6200008392334,25.8799991607666,22.576534271240234,1854500
2016-07-20,25.940000534057617,26.059999465942383,25.649999618530273,25.969999313354492,22.655046463012695,2123900
2016-07-21,26.040000915527344,26.270000457763672,25.670000076293945,26.0,22.681217193603516,2775800
2016-07-22,26.149999618530273,26.40999984741211,25.780000686645508,26.309999465942383,22.951641082763672,2927800
2016-07-25,26.3700008392334,26.40999984741211,26.1200008392334,26.299999237060547,22.94291877746582,2370900
2016-07-26,26.360000610351562,26.790000915527344,26.0,26.59000015258789,23.19590187072754,4056800
2016-07-27,27.600000381469727,28.350000381469727,27.309999465942383,27.979999542236328,24.408470153808594,7550900
2016-07-28,27.8799991607666,28.3799991607666,27.600000381469727,28.139999389648438,24.548051834106445,4783300
2016-07-29,27.969999313354492,28.149999618530273,27.700000762939453,27.8799991607666,24.321243286132812,3359100
2016-08-01,27.899999618530273,28.010000228881836,27.239999771118164,27.350000381469727,23.858898162841797,3850600
2016-08-02,27.399999618530273,27.610000610351562,26.739999771118164,27.040000915527344,23.588464736938477,3136900
2016-08-03,27.0,27.479999542236328,26.75,27.469999313354492,23.963579177856445,2691200
2016-08-04,27.399999618530273,27.780000686645508,27.350000381469727,27.729999542236328,24.19038963317871,2558200
2016-08-05,28.049999237060547,28.950000762939453,27.979999542236328,28.889999389648438,25.202320098876953,3665100
2016-08-08,29.0,29.190000534057617,28.690000534057617,28.739999771118164,25.07146644592285,2270200
2016-08-09,28.799999237060547,28.979999542236328,28.639999389648438,28.799999237060547,25.12380599975586,2198300
2016-08-10,28.780000686645508,28.829999923706055,28.25,28.309999465942383,24.696353912353516,2309000
2016-08-11,28.389999389648438,28.489999771118164,28.06999969482422,28.280000686645508,24.67018699645996,1724100
2016-08-12,28.059999465942383,28.149999618530273,27.770000457763672,28.139999389648438,24.548051834106445,1530700
2016-08-15,28.270000457763672,28.719999313354492,28.15999984741211,28.6299991607666,24.975507736206055,1636200
2016-08-16,28.469999313354492,28.84000015258789,28.079999923706055,28.639999389648438,25.054237365722656,1847400
2016-08-17,28.559999465942383,28.84000015258789,28.540000915527344,28.690000534057617,25.097976684570312,1893000
2016-08-18,28.59000015258789,29.1200008392334,28.290000915527344,29.079999923706055,25.439151763916016,2365200
2016-08-19,28.989999771118164,29.270000457763672,28.969999313354492,29.229999542236328,25.570371627807617,2248600
2016-08-22,29.020000457763672,29.290000915527344,28.969999313354492,29.260000228881836,25.596614837646484,2141100
2016-08-23,29.399999618530273,29.520000457763672,29.110000610351562,29.280000686645508,25.614112854003906,2068400
2016-08-24,29.18000030517578,29.489999771118164,28.75,29.280000686645508,25.614112854003906,1746400
2016-08-25,29.209999084472656,29.549999237060547,28.950000762939453,29.420000076293945,25.73657989501953,2147600
2016-08-26,29.530000686645508,29.860000610351562,29.219999313354492,29.670000076293945,25.955284118652344,3867100
2016-08-29,29.75,30.260000228881836,29.6299991607666,30.010000228881836,26.252714157104492,2690200
2016-08-30,29.950000762939453,30.3799991607666,29.950000762939453,30.329999923706055,26.53265380859375,2169400
2016-08-31,30.43000030517578,30.6200008392334,29.969999313354492,30.59000015258789,26.760101318359375,3538600
2016-09-01,30.75,30.899999618530273,30.229999542236328,30.56999969482422,26.74260139465332,4353000
2016-09-02,30.760000228881836,31.059999465942383,30.43000030517578,30.969999313354492,27.0925235748291,4086700
2016-09-06,31.040000915527344,31.059999465942383,30.079999923706055,30.389999389648438,26.58513641357422,4522100
2016-09-07,30.399999618530273,30.6200008392334,30.049999237060547,30.579999923706055,26.751352310180664,1801600
2016-09-08,30.709999084472656,31.0,30.399999618530273,30.690000534057617,26.84757423400879,1916500
2016-09-09,30.690000534057617,31.280000686645508,30.56999969482422,30.56999969482422,26.74260139465332,4368100
2016-09-12,30.219999313354492,31.020000457763672,30.059999465942383,30.940000534057617,27.0662784576416,3328700
2016-09-13,30.520000457763672,30.770000457763672,29.860000610351562,30.25,26.46266746520996,5134300
2016-09-14,30.219999313354492,30.479999542236328,29.969999313354492,30.040000915527344,26.278953552246094,3950100
2016-09-15,30.049999237060547,30.440000534057617,29.90999984741211,30.350000381469727,26.550146102905273,2726500
2016-09-16,30.030000686645508,30.209999084472656,29.850000381469727,29.899999618530273,26.156482696533203,2979600
2016-09-19,30.100000381469727,30.360000610351562,29.770000457763672,29.899999618530273,26.156482696533203,2367500
2016-09-20,30.229999542236328,30.329999923706055,29.84000015258789,29.8700008392334,26.1302433013916,2730400
2016-09-21,30.0,30.200000762939453,29.6299991607666,29.989999771118164,26.235219955444336,2774700
2016-09-22,30.1200008392334,30.299999237060547,30.010000228881836,30.280000686645508,26.488906860351562,2429100
2016-09-23,30.229999542236328,30.850000381469727,30.0,30.610000610351562,26.7775936126709,2981800
2016-09-26,30.280000686645508,30.600000381469727,29.799999237060547,30.020000457763672,26.261463165283203,3805400
2016-09-27,29.850000381469727,30.450000762939453,29.639999389648438,30.40999984741211,26.602630615234375,2343900
2016-09-28,30.610000610351562,30.850000381469727,30.229999542236328,30.850000381469727,26.987546920776367,2115700
2016-09-29,30.920000076293945,31.350000381469727,30.3700008392334,30.520000457763672,26.698862075805664,3227700
2016-09-30,30.6299991607666,31.18000030517578,30.43000030517578,31.020000457763672,27.136260986328125,2910100
2016-10-03,30.799999237060547,31.309999465942383,30.770000457763672,31.110000610351562,27.214990615844727,2381500
2016-10-04,31.170000076293945,31.799999237060547,31.139999389648438,31.399999618530273,27.468685150146484,2939500
2016-10-05,31.540000915527344,32.150001525878906,31.5,31.81999969482422,27.836101531982422,3575800
2016-10-06,31.75,31.81999969482422,31.290000915527344,31.68000030517578,27.7136287689209,3183800
2016-10-07,31.709999084472656,31.860000610351562,31.209999084472656,31.729999542236328,27.757366180419922,2546700
2016-10-10,31.81999969482422,32.06999969482422,31.75,31.809999465942383,27.82735252380371,1895700
2016-10-11,31.649999618530273,31.809999465942383,30.979999542236328,31.299999237060547,27.381202697753906,2491900
2016-10-12,31.31999969482422,31.530000686645508,31.139999389648438,31.209999084472656,27.302471160888672,1451800
2016-10-13,30.780000686645508,30.979999542236328,30.06999969482422,30.360000610351562,26.55889320373535,3041600
2016-10-14,30.729999542236328,31.110000610351562,30.700000762939453,30.860000610351562,26.996288299560547,2154000
2016-10-17,30.920000076293945,31.049999237060547,30.469999313354492,30.649999618530273,26.81258773803711,2174600
2016-10-18,31.0,31.170000076293945,30.6299991607666,31.170000076293945,27.267478942871094,2308800
2016-10-19,31.25,32.279998779296875,31.149999618530273,32.06999969482422,28.054798126220703,4257900
2016-10-20,31.940000534057617,32.41999816894531,31.8799991607666,32.2599983215332,28.22101402282715,3208100
2016-10-21,32.04999923706055,32.369998931884766,31.809999465942383,32.34000015258789,28.290992736816406,4889400
2016-10-24,32.5,32.720001220703125,32.41999816894531,32.43000030517578,28.369728088378906,3502500
2016-10-25,32.650001525878906,32.66999816894531,31.860000610351562,32.08000183105469,28.06355094909668,4557500
2016-10-26,32.15999984741211,32.45000076293945,31.899999618530273,32.13999938964844,28.116031646728516,3780700
2016-10-27,32.41999816894531,32.599998474121094,32.040000915527344,32.380001068115234,28.32598876953125,2280500
2016-10-28,32.400001525878906,32.459999084472656,31.8700008392334,32.09000015258789,28.07229232788086,2353000
2016-10-31,32.18000030517578,32.400001525878906,32.029998779296875,32.209999084472656,28.177270889282227,2469400
2016-11-01,32.36000061035156,32.52000045776367,31.790000915527344,32.2400016784668,28.203516006469727,2737100
2016-11-02,32.029998779296875,32.36000061035156,30.850000381469727,30.959999084472656,27.083770751953125,5185000
2016-11-03,31.170000076293945,31.56999969482422,31.110000610351562,31.170000076293945,27.267478942871094,2878700
2016-11-04,31.31999969482422,31.93000030517578,30.959999084472656,31.389999389648438,27.459936141967773,2913300
2016-11-07,32.15999984741211,32.41999816894531,31.84000015258789,32.25,28.212263107299805,4437500
2016-11-08,32.47999954223633,32.56999969482422,31.860000610351562,32.400001525878906,28.343481063842773,2546700
2016-11-09,33.0,35.040000915527344,32.650001525878906,34.619998931884766,30.285539627075195,8113800
2016-11-10,35.369998931884766,36.97999954223633,35.20000076293945,36.599998474121094,32.01763916015625,6758200
2016-11-11,36.41999816894531,37.040000915527344,35.959999084472656,36.970001220703125,32.34131622314453,3986600
2016-11-14,37.34000015258789,38.880001068115234,37.33000183105469,38.43000030517578,33.69143295288086,5782500
2016-11-15,37.900001525878906,38.849998474121094,37.470001220703125,38.7599983215332,33.980735778808594,3973400
2016-11-16,37.09000015258789,37.849998474121094,36.56999969482422,37.459999084472656,32.841026306152344,5533700
2016-11-17,37.470001220703125,38.119998931884766,37.2400016784668,37.90999984741211,33.23554229736328,5111600
2016-11-18,37.79999923706055,38.41999816894531,37.63999938964844,38.209999084472656,33.498558044433594,3422200
2016-11-21,38.4900016784668,38.650001525878906,38.029998779296875,38.540000915527344,33.78785705566406,2501900
2016-11-22,38.150001525878906,38.7599983215332,38.150001525878906,38.65999984741211,33.89306640625,2918400
2016-11-23,38.86000061035156,39.189998626708984,38.61000061035156,39.119998931884766,34.29634094238281,2365300
2016-11-25,39.09000015258789,39.22999954223633,38.790000915527344,39.099998474121094,34.27880859375,946300
2016-11-28,39.029998779296875,39.09000015258789,38.279998779296875,38.40999984741211,33.673885345458984,2178200
2016-11-29,38.61000061035156,38.720001220703125,38.22999954223633,38.5,33.752784729003906,1966400
2016-11-30,39.150001525878906,40.0,38.880001068115234,39.790000915527344,34.88372802734375,3953000
2016-12-01,39.81999969482422,40.63999938964844,39.779998779296875,40.40999984741211,35.427276611328125,3849400
2016-12-02,40.79999923706055,40.79999923706055,39.66999816894531,40.2400016784668,35.27824020385742,2389800
2016-12-05,40.61000061035156,41.0,40.349998474121094,40.54999923706055,35.55001449584961,3211600
2016-12-06,40.689998626708984,42.0099983215332,40.29999923706055,41.91999816894531,36.75109100341797,3455900
2016-12-07,41.880001068115234,42.33000183105469,41.439998626708984,42.290000915527344,37.075477600097656,2842500
2016-12-08,42.38999938964844,43.439998626708984,42.22999954223633,43.09000015258789,37.77682876586914,4654100
2016-12-09,43.09000015258789,43.25,42.630001068115234,43.22999954223633,37.89957046508789,2314200
2016-12-12,43.15999984741211,43.470001220703125,42.400001525878906,42.470001220703125,37.2332763671875,2829300
2016-12-13,42.540000915527344,43.040000915527344,41.56999969482422,42.22999954223633,37.02286911010742,2902600
2016-12-14,41.84000015258789,43.0099983215332,41.31999969482422,42.20000076293945,36.99657440185547,3944100
2016-12-15,42.81999969482422,43.630001068115234,42.47999954223633,43.040000915527344,37.73298263549805,3615000
2016-12-16,42.790000915527344,43.22999954223633,41.90999984741211,42.029998779296875,36.847537994384766,5517200
2016-12-19,42.09000015258789,42.720001220703125,41.79999923706055,42.70000076293945,37.43491744995117,2212300
2016-12-20,43.279998779296875,44.09000015258789,42.959999084472656,43.90999984741211,38.49571228027344,3220200
2016-12-21,43.93000030517578,43.9900016784668,43.36000061035156,43.63999938964844,38.25900650024414,2647600
2016-12-22,43.619998931884766,43.95000076293945,43.209999084472656,43.7400016784668,38.3466796875,1556000
2016-12-23,43.779998779296875,43.939998626708984,43.59000015258789,43.86000061035156,38.45188903808594,1243400
2016-12-27,44.099998474121094,44.150001525878906,43.66999816894531,43.93000030517578,38.51325225830078,1096300
2016-12-28,44.029998779296875,44.029998779296875,43.18000030517578,43.279998779296875,37.94339370727539,1055200
2016-12-29,43.27000045776367,43.63999938964844,42.630001068115234,42.790000915527344,37.51382064819336,1551600
2016-12-30,43.06999969482422,43.310001373291016,42.689998626708984,43.040000915527344,37.73298263549805,1938100
2017-01-03,43.7400016784668,44.33000183105469,42.720001220703125,43.18000030517578,37.85572814941406,2896200
2017-01-04,43.45000076293945,43.90999984741211,43.349998474121094,43.79999923706055,38.39928436279297,1907500
2017-01-05,43.91999816894531,44.27000045776367,42.65999984741211,43.09000015258789,37.77682876586914,2106000
2017-01-06,43.29999923706055,43.72999954223633,43.11000061035156,43.369998931884766,38.022300720214844,2149100
2017-01-09,43.119998931884766,43.290000915527344,42.31999969482422,42.900001525878906,37.610260009765625,2104900
2017-01-10,43.119998931884766,43.790000915527344,42.869998931884766,43.560001373291016,38.188873291015625,1839600
2017-01-11,43.66999816894531,43.91999816894531,43.13999938964844,43.91999816894531,38.50448989868164,2102200
2017-01-12,43.650001525878906,43.88999938964844,42.439998626708984,42.970001220703125,37.671630859375,2758200
2017-01-13,43.290000915527344,44.31999969482422,43.029998779296875,43.849998474121094,38.4431266784668,2732500
2017-01-17,43.25,43.27000045776367,41.650001525878906,41.77000045776367,36.619598388671875,2889200
2017-01-18,42.150001525878906,42.52000045776367,41.41999816894531,42.47999954223633,37.24205017089844,2142200
2017-01-19,42.59000015258789,42.95000076293945,42.040000915527344,42.310001373291016,37.09299850463867,1778500
2017-01-20,42.4900016784668,42.900001525878906,42.20000076293945,42.459999084472656,37.22450256347656,2371000
2017-01-23,42.209999084472656,42.61000061035156,41.95000076293945,42.310001373291016,37.09299850463867,2628300
2017-01-24,42.41999816894531,42.939998626708984,41.36000061035156,42.560001373291016,37.31217956542969,4064800
2017-01-25,43.029998779296875,43.65999984741211,42.93000030517578,43.279998779296875,37.94339370727539,2584600
2017-01-26,43.38999938964844,43.90999984741211,43.06999969482422,43.470001220703125,38.10997009277344,2711900
2017-01-27,43.34000015258789,43.369998931884766,42.7599983215332,43.119998931884766,37.80312728881836,1972100
2017-01-30,42.83000183105469,43.040000915527344,41.709999084472656,42.2599983215332,37.049163818359375,3517700
2017-01-31,42.18000030517578,42.84000015258789,41.81999969482422,42.189998626708984,36.987796783447266,2542100
2017-02-01,42.689998626708984,43.29999923706055,42.36000061035156,42.459999084472656,37.22450256347656,2501700
2017-02-02,41.880001068115234,42.34000015258789,41.58000183105469,41.77000045776367,36.619598388671875,2827500
2017-02-03,42.4900016784668,43.380001068115234,42.130001068115234,43.310001373291016,37.969696044921875,3350600
2017-02-06,42.900001525878906,43.52000045776367,42.54999923706055,42.970001220703125,37.671630859375,1410300
2017-02-07,43.04999923706055,43.2599983215332,42.68000030517578,42.81999969482422,37.54011535644531,1741500
2017-02-08,42.52000045776367,42.56999969482422,41.810001373291016,42.16999816894531,36.97026443481445,1748100
2017-02-09,43.060001373291016,43.209999084472656,42.25,43.150001525878906,37.82942199707031,2011100
2017-02-10,43.43000030517578,43.66999816894531,43.099998474121094,43.56999969482422,38.1976432800293,2458800
2017-02-13,43.869998931884766,44.599998474121094,43.75,44.08000183105469,38.64475631713867,2197200
2017-02-14,44.029998779296875,45.209999084472656,43.83000183105469,45.08000183105469,39.59330749511719,2456500
2017-02-15,45.33000183105469,45.52000045776367,45.04999923706055,45.29999923706055,39.78653335571289,2690800
2017-02-16,45.119998931884766,45.34000015258789,44.47999954223633,44.900001525878906,39.43521499633789,1977400
2017-02-17,44.47999954223633,44.779998779296875,44.130001068115234,44.650001525878906,39.21564865112305,1185300
2017-02-21,44.849998474121094,45.209999084472656,44.470001220703125,44.88999938964844,39.42643737792969,1726300
2017-02-22,44.54999923706055,45.130001068115234,44.47999954223633,44.7400016784668,39.29468536376953,2276100
2017-02-23,44.84000015258789,44.970001220703125,44.38999938964844,44.81999969482422,39.364952087402344,1960400
2017-02-24,44.18000030517578,44.54999923706055,44.0,44.54999923706055,39.12781524658203,3605300
2017-02-27,44.650001525878906,45.2400016784668,44.5099983215332,45.11000061035156,39.61966323852539,2298900
2017-02-28,44.93000030517578,45.15999984741211,44.70000076293945,44.900001525878906,39.43521499633789,2485700
2017-03-01,48.33000183105469,48.33000183105469,45.95000076293945,46.529998779296875,40.8668327331543,3320700
2017-03-02,46.66999816894531,46.689998626708984,44.959999084472656,44.959999084472656,39.48790740966797,2925900
2017-03-03,44.95000076293945,45.56999969482422,44.75,45.36000061035156,39.8392333984375,2686400
2017-03-06,45.029998779296875,45.43000030517578,44.689998626708984,45.33000183105469,39.81288528442383,1706100
2017-03-07,45.400001525878906,45.68000030517578,44.970001220703125,45.279998779296875,39.76896286010742,1738700
2017-03-08,45.84000015258789,46.29999923706055,45.15999984741211,45.2599983215332,39.75139236450195,3154400
2017-03-09,45.349998474121094,45.7599983215332,45.029998779296875,45.279998779296875,39.76896286010742,1963200
2017-03-10,45.560001373291016,45.560001373291016,44.290000915527344,44.90999984741211,39.44399642944336,2431400
2017-03-13,44.880001068115234,45.349998474121094,44.650001525878906,45.029998779296875,39.54939651489258,1632000
2017-03-14,44.709999084472656,44.720001220703125,43.68000030517578,44.4900016784668,39.07512283325195,2487900
2017-03-15,44.709999084472656,45.09000015258789,43.9900016784668,44.06999969482422,38.70623016357422,2893800
2017-03-16,44.369998931884766,44.619998931884766,44.09000015258789,44.36000061035156,38.960941314697266,1802700
2017-03-17,44.40999984741211,44.56999969482422,43.540000915527344,43.7599983215332,38.43397521972656,4240000
2017-03-20,43.650001525878906,43.75,43.18000030517578,43.189998626708984,37.933345794677734,2322000
2017-03-21,43.470001220703125,43.52000045776367,40.7400016784668,40.84000015258789,35.86936950683594,4855400
2017-03-22,40.58000183105469,41.130001068115234,39.560001373291016,40.72999954223633,35.77275466918945,3151600
2017-03-23,40.72999954223633,41.59000015258789,40.310001373291016,40.88999938964844,35.91327667236328,2953800
2017-03-24,41.040000915527344,41.22999954223633,40.40999984741211,40.90999984741211,35.93083572387695,2824900
2017-03-27,39.79999923706055,40.900001525878906,39.09000015258789,40.779998779296875,35.8166618347168,3237500
2017-03-28,40.529998779296875,41.599998474121094,40.310001373291016,41.29999923706055,36.273372650146484,2392400
2017-03-29,41.65999984741211,41.65999984741211,40.93000030517578,41.31999969482422,36.29093933105469,2055900
2017-03-30,41.459999084472656,42.59000015258789,41.279998779296875,42.380001068115234,37.2219352722168,3212100
2017-03-31,42.099998474121094,42.59000015258789,41.83000183105469,42.0,36.8881721496582,2575200
2017-04-03,42.0,42.2599983215332,41.06999969482422,41.77000045776367,36.686180114746094,2539600
2017-04-04,41.5,41.900001525878906,41.369998931884766,41.65999984741211,36.58954620361328,2080500
2017-04-05,42.040000915527344,42.400001525878906,40.97999954223633,41.04999923706055,36.05380630493164,2554200
2017-04-06,41.099998474121094,41.63999938964844,40.619998931884766,41.5,36.449031829833984,2290300
2017-04-07,41.13999938964844,41.790000915527344,40.869998931884766,41.52000045776367,36.46659469604492,2124500
2017-04-10,41.459999084472656,41.790000915527344,40.7400016784668,40.93000030517578,35.94839859008789,1931900
2017-04-11,40.720001220703125,40.959999084472656,40.06999969482422,40.939998626708984,35.95718765258789,2931600
2017-04-12,40.97999954223633,41.02000045776367,40.060001373291016,40.189998626708984,35.298465728759766,3286600
2017-04-13,39.869998931884766,40.52000045776367,39.43000030517578,39.45000076293945,34.64854049682617,2627800
2017-04-17,39.5099983215332,40.209999084472656,39.220001220703125,40.18000030517578,35.28968811035156,2241300
2017-04-18,39.810001373291016,40.290000915527344,39.349998474121094,39.83000183105469,34.9822883605957,2300700
2017-04-19,40.290000915527344,40.5099983215332,39.7599983215332,39.97999954223633,35.114044189453125,2711600
2017-04-20,40.29999923706055,41.20000076293945,40.16999816894531,41.08000183105469,36.08015823364258,2966200
2017-04-21,40.95000076293945,41.189998626708984,40.58000183105469,40.849998474121094,35.878143310546875,2229400
2017-04-24,42.09000015258789,42.41999816894531,41.56999969482422,41.959999084472656,36.85304260253906,4473000
2017-04-25,40.90999984741211,41.619998931884766,40.45000076293945,40.4900016784668,35.56196212768555,6950300
2017-04-26,40.5,41.63999938964844,40.459999084472656,41.18000030517578,36.16798400878906,3849600
2017-04-27,41.29999923706055,41.29999923706055,40.25,40.65999984741211,35.71126937866211,2742600
2017-04-28,40.7400016784668,40.810001373291016,39.9900016784668,40.029998779296875,35.15794372558594,3811600
2017-05-01,40.25,40.880001068115234,39.970001220703125,40.52000045776367,35.588314056396484,2902600
2017-05-02,40.560001373291016,40.9900016784668,39.70000076293945,39.97999954223633,35.114044189453125,2636800
2017-05-03,39.790000915527344,40.68000030517578,39.72999954223633,40.58000183105469,35.64101028442383,2503500
2017-05-04,41.099998474121094,41.43000030517578,40.630001068115234,40.66999816894531,35.72004318237305,3267400
2017-05-05,40.88999938964844,40.88999938964844,40.459999084472656,40.75,35.79030990600586,2355900
2017-05-08,40.75,41.349998474121094,40.720001220703125,41.20000076293945,36.185550689697266,2644800
2017-05-09,41.29999923706055,41.59000015258789,40.72999954223633,40.93000030517578,35.94839859008789,2070200
2017-05-10,40.709999084472656,41.0099983215332,40.459999084472656,40.939998626708984,35.95718765258789,2405700
2017-05-11,40.7400016784668,40.880001068115234,40.040000915527344,40.400001525878906,35.482913970947266,1850000
2017-05-12,40.0,40.2400016784668,39.66999816894531,40.150001525878906,35.263336181640625,2112300
2017-05-15,40.349998474121094,40.689998626708984,40.2400016784668,40.540000915527344,35.60588073730469,3046800
2017-05-16,40.72999954223633,40.88999938964844,40.119998931884766,40.65999984741211,35.78187561035156,3796300
2017-05-17,39.709999084472656,39.91999816894531,38.43000030517578,38.9900016784668,34.31224060058594,4023800
2017-05-18,38.880001068115234,39.869998931884766,38.86000061035156,39.58000183105469,34.831451416015625,2866000
2017-05-19,39.720001220703125,40.709999084472656,39.58000183105469,40.099998474121094,35.289058685302734,3935700
2017-05-22,40.20000076293945,40.650001525878906,39.90999984741211,40.209999084472656,35.3858642578125,3096000
2017-05-23,40.22999954223633,41.439998626708984,40.18000030517578,41.34000015258789,36.380287170410156,3029700
2017-05-24,41.0099983215332,41.15999984741211,40.31999969482422,40.70000076293945,35.81708526611328,2568300
2017-05-25,40.81999969482422,41.189998626708984,40.529998779296875,40.880001068115234,35.97549057006836,3933100
2017-05-26,40.88999938964844,41.20000076293945,40.40999984741211,40.45000076293945,35.597076416015625,2195400
2017-05-30,40.130001068115234,40.31999969482422,39.599998474121094,39.869998931884766,35.0866584777832,3259400
2017-05-31,39.97999954223633,40.41999816894531,39.34000015258789,40.06999969482422,35.26266098022461,13834700
2017-06-01,40.47999954223633,40.54999923706055,39.72999954223633,40.54999923706055,35.68507385253906,2667300
2017-06-02,39.86000061035156,40.43000030517578,39.619998931884766,40.099998474121094,35.289058685302734,2848600
2017-06-05,40.290000915527344,41.16999816894531,40.099998474121094,40.459999084472656,35.605873107910156,3186600
2017-06-06,40.02000045776367,40.5099983215332,39.7400016784668,40.2599983215332,35.42986297607422,3676700
2017-06-07,40.369998931884766,40.630001068115234,40.25,40.459999084472656,35.605873107910156,2284100
2017-06-08,40.43000030517578,42.040000915527344,40.349998474121094,41.38999938964844,36.42430114746094,3653300
2017-06-09,41.810001373291016,42.529998779296875,41.5,42.34000015258789,37.26032638549805,3191100
2017-06-12,42.2599983215332,43.25,42.2599983215332,42.93000030517578,37.779544830322266,4060500
2017-06-13,43.13999938964844,43.56999969482422,42.79999923706055,43.130001068115234,37.95554733276367,2556300
2017-06-14,42.5,43.27000045776367,42.099998474121094,43.22999954223633,38.043548583984375,2643300
2017-06-15,43.0,43.459999084472656,42.75,42.869998931884766,37.72673416137695,1873800
2017-06-16,42.88999938964844,43.2599983215332,42.72999954223633,43.09000015258789,37.92034149169922,3442500
2017-06-19,43.66999816894531,43.810001373291016,43.18000030517578,43.36000061035156,38.157958984375,1561800
2017-06-20,43.119998931884766,43.349998474121094,42.869998931884766,42.959999084472656,37.80593490600586,2508100
2017-06-21,43.029998779296875,43.22999954223633,42.25,42.33000183105469,37.25152587890625,2123500
2017-06-22,42.2599983215332,42.43000030517578,41.709999084472656,42.29999923706055,37.22512435913086,1826000
2017-06-23,42.599998474121094,42.84000015258789,41.83000183105469,41.93000030517578,36.89951705932617,2095900
2017-06-26,42.060001373291016,42.599998474121094,41.900001525878906,42.34000015258789,37.26032638549805,1468500
2017-06-27,42.560001373291016,43.08000183105469,42.5,42.540000915527344,37.43632888793945,2057500
2017-06-28,42.779998779296875,43.4900016784668,42.779998779296875,42.970001220703125,37.81474685668945,3828500
2017-06-29,44.40999984741211,44.849998474121094,43.380001068115234,43.9900016784668,38.71236038208008,4443800
2017-06-30,44.13999938964844,44.209999084472656,43.40999984741211,43.90999984741211,38.641963958740234,2047500
2017-07-03,44.2400016784668,45.09000015258789,43.970001220703125,44.72999954223633,39.363590240478516,1435300
2017-07-05,44.7599983215332,44.83000183105469,44.119998931884766,44.7400016784668,39.372379302978516,2217900
2017-07-06,44.7599983215332,44.869998931884766,44.06999969482422,44.119998931884766,38.82677459716797,2077400
2017-07-07,44.31999969482422,44.5,43.779998779296875,44.439998626708984,39.10838317871094,1476000
2017-07-10,44.369998931884766,44.849998474121094,44.130001068115234,44.65999984741211,39.30198669433594,2232100
2017-07-11,44.68000030517578,45.2599983215332,44.47999954223633,45.20000076293945,39.777198791503906,5772900
2017-07-12,45.119998931884766,45.279998779296875,44.45000076293945,44.790000915527344,39.4163932800293,2243400
2017-07-13,44.900001525878906,45.119998931884766,44.689998626708984,45.0,39.6011962890625,1855000
2017-07-14,44.34000015258789,44.91999816894531,43.939998626708984,44.720001220703125,39.354793548583984,1827200
2017-07-17,44.65999984741211,44.790000915527344,44.13999938964844,44.34000015258789,39.0203742980957,3500400
2017-07-18,43.97999954223633,44.279998779296875,43.59000015258789,44.08000183105469,38.791568756103516,2276900
2017-07-19,44.06999969482422,44.38999938964844,43.689998626708984,43.97999954223633,38.70355987548828,1614900
2017-07-20,43.95000076293945,44.25,43.599998474121094,43.84000015258789,38.58036804199219,1578000
2017-07-21,43.54999923706055,44.09000015258789,43.36000061035156,43.540000915527344,38.31635284423828,2170000
2017-07-24,43.54999923706055,44.36000061035156,43.54999923706055,44.31999969482422,39.002777099609375,1829400
2017-07-25,45.189998626708984,45.36000061035156,44.5,44.650001525878906,39.29318618774414,2768000
2017-07-26,46.0,46.290000915527344,45.2400016784668,45.66999816894531,40.19081497192383,4601300
2017-07-27,45.86000061035156,45.86000061035156,44.68000030517578,45.13999938964844,39.724395751953125,4096000
2017-07-28,45.11000061035156,45.439998626708984,44.810001373291016,45.2599983215332,39.82999038696289,2179800
2017-07-31,45.38999938964844,45.65999984741211,45.25,45.31999969482422,39.882808685302734,2723400
2017-08-01,45.5099983215332,45.58000183105469,44.9900016784668,45.380001068115234,39.93560791015625,3371700
2017-08-02,45.290000915527344,45.7400016784668,45.060001373291016,45.720001220703125,40.23481369018555,2222600
2017-08-03,45.65999984741211,45.849998474121094,45.310001373291016,45.4900016784668,40.03240203857422,2479100
2017-08-04,45.939998626708984,46.43000030517578,45.75,46.119998931884766,40.586814880371094,2118800
2017-08-07,45.79999923706055,46.09000015258789,45.47999954223633,45.7599983215332,40.27001190185547,1998400
2017-08-08,45.59000015258789,46.459999084472656,45.41999816894531,45.810001373291016,40.31401443481445,2354800
2017-08-09,45.439998626708984,45.61000061035156,45.029998779296875,45.290000915527344,39.85639953613281,2224300
2017-08-10,45.22999954223633,45.22999954223633,44.209999084472656,44.439998626708984,39.10838317871094,2714000
2017-08-11,44.68000030517578,44.939998626708984,43.880001068115234,44.11000061035156,38.81797409057617,1898100
2017-08-14,44.599998474121094,45.13999938964844,44.20000076293945,44.9900016784668,39.59239196777344,1539300
2017-08-15,45.529998779296875,45.77000045776367,45.099998474121094,45.130001068115234,39.82181167602539,1235600
2017-08-16,45.88999938964844,45.900001525878906,45.0099983215332,45.119998931884766,39.81298828125,1506900
2017-08-17,44.970001220703125,45.15999984741211,43.7599983215332,43.849998474121094,38.69236373901367,1696900
2017-08-18,43.77000045776367,44.20000076293945,43.45000076293945,43.91999816894531,38.754127502441406,1482900
2017-08-21,43.849998474121094,43.880001068115234,43.290000915527344,43.540000915527344,38.41883087158203,1497100
2017-08-22,43.709999084472656,44.02000045776367,43.619998931884766,43.9900016784668,38.81589889526367,1347700
2017-08-23,43.61000061035156,44.349998474121094,43.599998474121094,43.93000030517578,38.762962341308594,1497200
2017-08-24,44.209999084472656,44.459999084472656,43.97999954223633,44.380001068115234,39.1600227355957,1215900
2017-08-25,44.41999816894531,44.900001525878906,44.33000183105469,44.70000076293945,39.442386627197266,1381300
2017-08-28,44.84000015258789,45.02000045776367,44.060001373291016,44.279998779296875,39.0717887878418,1772000
2017-08-29,43.66999816894531,43.869998931884766,43.2599983215332,43.709999084472656,38.5688362121582,2427300
2017-08-30,43.7400016784668,44.119998931884766,43.58000183105469,43.81999969482422,38.6658935546875,1536000
2017-08-31,43.93000030517578,44.15999984741211,43.599998474121094,43.65999984741211,38.52470397949219,1648900
2017-09-01,43.689998626708984,44.599998474121094,43.63999938964844,44.31999969482422,39.107086181640625,1481900
2017-09-05,44.0,44.02000045776367,42.68000030517578,42.7599983215332,37.73057556152344,2286700
2017-09-06,42.939998626708984,43.09000015258789,42.2400016784668,42.61000061035156,37.59820556640625,2455900
2017-09-07,42.5099983215332,42.560001373291016,41.22999954223633,41.33000183105469,36.4687614440918,2812500
2017-09-08,41.59000015258789,41.91999816894531,41.310001373291016,41.63999938964844,36.7423095703125,2230200
2017-09-11,42.04999923706055,42.88999938964844,42.0099983215332,42.72999954223633,37.7041015625,3184300
2017-09-12,42.90999984741211,43.630001068115234,42.75,43.33000183105469,38.2335319519043,2852100
2017-09-13,43.20000076293945,43.209999084472656,42.470001220703125,43.04999923706055,37.9864616394043,4222500
2017-09-14,42.9900016784668,43.529998779296875,42.540000915527344,42.65999984741211,37.642330169677734,3067600
2017-09-15,42.29999923706055,43.310001373291016,42.220001220703125,43.279998779296875,38.18941116333008,3177200
2017-09-18,43.43000030517578,44.11000061035156,43.20000076293945,43.959999084472656,38.789424896240234,3128900
2017-09-19,44.029998779296875,44.470001220703125,43.88999938964844,44.40999984741211,39.18649673461914,2181100
2017-09-20,44.439998626708984,45.20000076293945,43.849998474121094,45.11000061035156,39.804168701171875,2740700
2017-09-21,45.150001525878906,45.540000915527344,44.90999984741211,45.36000061035156,40.02476119995117,1959500
2017-09-22,45.16999816894531,45.189998626708984,44.810001373291016,45.119998931884766,39.81298828125,1173000
2017-09-25,44.939998626708984,45.81999969482422,44.88999938964844,45.45000076293945,40.10417175292969,2240300
2017-09-26,45.599998474121094,45.97999954223633,45.38999938964844,45.84000015258789,40.448307037353516,1800900
2017-09-27,46.38999938964844,46.970001220703125,46.08000183105469,46.59000015258789,41.11008834838867,2590800
2017-09-28,46.900001525878906,46.970001220703125,46.38999938964844,46.939998626708984,41.418922424316406,2423300
2017-09-29,46.970001220703125,47.70000076293945,46.70000076293945,47.18000030517578,41.63069152832031,1982600
2017-10-02,46.650001525878906,47.34000015258789,46.34000015258789,47.279998779296875,41.71892547607422,2236700
2017-10-03,47.220001220703125,47.34000015258789,46.630001068115234,46.93000030517578,41.41010284423828,1829300
2017-10-04,46.93000030517578,47.04999923706055,46.630001068115234,46.689998626708984,41.19831848144531,1023600
2017-10-05,46.81999969482422,47.790000915527344,46.560001373291016,47.65999984741211,42.05423355102539,1849400
2017-10-06,47.869998931884766,48.2599983215332,47.41999816894531,47.880001068115234,42.24835968017578,2316100
2017-10-09,47.970001220703125,47.970001220703125,47.31999969482422,47.34000015258789,41.77186584472656,1281100
2017-10-10,47.34000015258789,47.75,47.189998626708984,47.709999084472656,42.098350524902344,1455600
2017-10-11,47.599998474121094,47.650001525878906,47.09000015258789,47.279998779296875,41.71892547607422,1507300
2017-10-12,47.5,47.619998931884766,46.68000030517578,46.720001220703125,41.22479248046875,1623200
2017-10-13,46.45000076293945,46.88999938964844,46.150001525878906,46.599998474121094,41.11891174316406,1204700
2017-10-16,46.5,46.90999984741211,46.470001220703125,46.790000915527344,41.286563873291016,1063400
2017-10-17,46.90999984741211,46.970001220703125,45.959999084472656,45.9900016784668,40.58065414428711,1324600
2017-10-18,46.22999954223633,46.43000030517578,45.790000915527344,46.16999816894531,40.73948287963867,2649200
2017-10-19,45.70000076293945,46.2400016784668,45.279998779296875,46.04999923706055,40.63359832763672,2174100
2017-10-20,46.77000045776367,46.97999954223633,46.54999923706055,46.7599983215332,41.26008605957031,2134400
2017-10-23,46.84000015258789,47.0,46.2400016784668,46.38999938964844,40.9336051940918,2156900
2017-10-24,45.25,47.150001525878906,45.060001373291016,46.349998474121094,40.8983154296875,3804700
2017-10-25,46.400001525878906,46.880001068115234,45.52000045776367,45.9900016784668,40.58065414428711,3037800
2017-10-26,46.20000076293945,46.97999954223633,46.029998779296875,46.93000030517578,41.41010284423828,2528500
2017-10-27,46.81999969482422,47.29999923706055,46.70000076293945,47.11000061035156,41.56892395019531,2395500
2017-10-30,46.81999969482422,47.33000183105469,46.54999923706055,46.79999923706055,41.29537582397461,2139500
2017-10-31,46.68000030517578,47.06999969482422,46.439998626708984,46.459999084472656,40.99538040161133,1445300
2017-11-01,46.709999084472656,47.060001373291016,46.15999984741211,46.220001220703125,40.783599853515625,1400100
2017-11-02,46.16999816894531,46.91999816894531,45.9900016784668,46.849998474121094,41.33949661254883,1496000
2017-11-03,46.77000045776367,47.130001068115234,46.369998931884766,46.810001373291016,41.3042106628418,1249300
2017-11-06,46.75,46.84000015258789,46.09000015258789,46.45000076293945,40.98655319213867,1505000
2017-11-07,46.439998626708984,46.540000915527344,44.790000915527344,44.880001068115234,39.60122299194336,2413000
2017-11-08,44.720001220703125,44.91999816894531,44.15999984741211,44.540000915527344,39.30121994018555,2940600
2017-11-09,44.209999084472656,44.68000030517578,43.66999816894531,43.970001220703125,38.798255920410156,2076100
2017-11-10,44.099998474121094,44.41999816894531,43.83000183105469,43.93000030517578,38.762962341308594,2049000
2017-11-13,43.650001525878906,45.529998779296875,43.5,45.43000030517578,40.08652877807617,3651300
2017-11-14,45.119998931884766,47.09000015258789,45.099998474121094,46.4900016784668,41.166839599609375,4487100
2017-11-15,45.9900016784668,46.95000076293945,45.63999938964844,46.5,41.17569351196289,2180700
2017-11-16,46.720001220703125,46.9900016784668,46.060001373291016,46.11000061035156,40.83034133911133,2136300
2017-11-17,45.90999984741211,46.459999084472656,45.630001068115234,46.29999923706055,40.99858093261719,1291000
2017-11-20,46.459999084472656,47.15999984741211,46.209999084472656,47.099998474121094,41.70698928833008,2387100
2017-11-21,47.34000015258789,47.34000015258789,46.709999084472656,46.88999938964844,41.521034240722656,1619400
2017-11-22,47.04999923706055,47.04999923706055,46.349998474121094,46.349998474121094,41.04286575317383,1204200
2017-11-24,46.650001525878906,46.84000015258789,46.310001373291016,46.349998474121094,41.04286575317383,688600
2017-11-27,46.25,46.689998626708984,46.06999969482422,46.41999816894531,41.10484313964844,1717500
2017-11-28,46.619998931884766,48.13999938964844,46.529998779296875,48.09000015258789,42.5836296081543,3198100
2017-11-29,48.560001373291016,49.95000076293945,48.5,49.4900016784668,43.823333740234375,3982500
2017-11-30,49.93000030517578,50.5099983215332,49.400001525878906,49.54999923706055,43.87645721435547,3451700
2017-12-01,49.52000045776367,50.34000015258789,48.279998779296875,50.08000183105469,44.34578323364258,4038800
2017-12-04,51.040000915527344,52.15999984741211,50.5099983215332,51.7400016784668,45.81570816040039,3789700
2017-12-05,52.02000045776367,52.20000076293945,50.77000045776367,50.880001068115234,45.054176330566406,2436800
2017-12-06,50.45000076293945,50.709999084472656,49.86000061035156,49.91999816894531,44.204097747802734,3233800
2017-12-07,49.90999984741211,50.86000061035156,49.599998474121094,50.470001220703125,44.69112014770508,2414600
2017-12-08,50.880001068115234,51.029998779296875,50.40999984741211,50.93000030517578,45.09844207763672,1653400
2017-12-11,50.900001525878906,51.060001373291016,49.79999923706055,49.939998626708984,44.22180938720703,1857000
2017-12-12,50.029998779296875,50.61000061035156,49.88999938964844,50.459999084472656,44.68225860595703,2432700
2017-12-13,50.61000061035156,50.81999969482422,49.54999923706055,49.7599983215332,44.062408447265625,2193600
2017-12-14,49.90999984741211,50.25,49.130001068115234,49.220001220703125,43.58424758911133,2788900
2017-12-15,49.29999923706055,50.720001220703125,49.220001220703125,50.0099983215332,44.28378677368164,4481600
2017-12-18,50.5,51.22999954223633,50.5,50.97999954223633,45.142730712890625,2616500
2017-12-19,51.18000030517578,51.34000015258789,50.7400016784668,50.88999938964844,45.06302261352539,1336400
2017-12-20,51.43000030517578,51.52000045776367,50.209999084472656,50.72999954223633,44.92135238647461,1701200
2017-12-21,51.119998931884766,51.630001068115234,50.900001525878906,51.459999084472656,45.56776809692383,1607200
2017-12-22,51.5,51.59000015258789,50.90999984741211,51.33000183105469,45.45264434814453,879900
2017-12-26,51.25,51.970001220703125,50.65999984741211,50.86000061035156,45.03646469116211,808100
2017-12-27,50.779998779296875,50.88999938964844,50.459999084472656,50.709999084472656,44.90363693237305,694600
2017-12-28,50.91999816894531,51.369998931884766,50.529998779296875,51.34000015258789,45.46150588989258,976400
2017-12-29,51.279998779296875,51.54999923706055,50.810001373291016,50.83000183105469,45.0098991394043,1261800
2018-01-02,52.16999816894531,52.16999816894531,50.15999984741211,50.70000076293945,44.89478302001953,2387100
2018-01-03,50.689998626708984,50.849998474121094,50.279998779296875,50.63999938964844,44.84165573120117,1575700
2018-01-04,51.02000045776367,51.630001068115234,50.54999923706055,50.849998474121094,45.02760314941406,3309200
2018-01-05,51.11000061035156,51.20000076293945,50.470001220703125,50.869998931884766,45.045310974121094,1212200
2018-01-08,50.869998931884766,51.0,50.47999954223633,50.619998931884766,44.82394027709961,1697700
2018-01-09,50.869998931884766,52.13999938964844,50.650001525878906,51.810001373291016,45.877685546875,1888100
2018-01-10,51.849998474121094,53.06999969482422,51.84000015258789,52.349998474121094,46.355857849121094,2790500
2018-01-11,52.59000015258789,53.22999954223633,52.380001068115234,53.11000061035156,47.02883529663086,1242800
2018-01-12,53.380001068115234,53.77000045776367,53.04999923706055,53.279998779296875,47.17937088012695,1634400
2018-01-16,53.65999984741211,53.869998931884766,52.5099983215332,52.900001525878906,46.84288024902344,1512100
2018-01-17,53.150001525878906,53.540000915527344,52.33000183105469,53.31999969482422,47.214786529541016,1351100
2018-01-18,53.369998931884766,53.54999923706055,52.689998626708984,52.86000061035156,46.80746078491211,1393500
2018-01-19,52.630001068115234,53.75,52.630001068115234,53.72999954223633,47.577842712402344,2438900
2018-01-22,53.77000045776367,54.220001220703125,53.29999923706055,54.15999984741211,47.95861053466797,2546900
2018-01-23,53.970001220703125,54.880001068115234,53.150001525878906,54.16999816894531,47.96745300292969,2941400
2018-01-24,54.369998931884766,54.4900016784668,53.060001373291016,53.7400016784668,47.586700439453125,2260300
2018-01-25,53.869998931884766,53.95000076293945,52.75,53.02000045776367,46.94914245605469,1964700
2018-01-26,53.369998931884766,54.06999969482422,52.959999084472656,54.02000045776367,47.83464813232422,1676700
2018-01-29,54.0,55.02000045776367,53.849998474121094,54.189998626708984,47.985172271728516,2841300
2018-01-30,53.709999084472656,54.59000015258789,53.709999084472656,53.93000030517578,47.754940032958984,2444700
2018-01-31,53.959999084472656,54.86000061035156,53.869998931884766,54.029998779296875,47.843505859375,2243800
2018-02-01,53.790000915527344,55.0,53.59000015258789,54.97999954223633,48.68471908569336,3541700
2018-02-02,54.77000045776367,55.61000061035156,53.97999954223633,54.150001525878906,47.94975280761719,4533600
2018-02-05,53.540000915527344,54.15999984741211,51.220001220703125,51.650001525878906,45.73600769042969,3305300
2018-02-06,50.40999984741211,52.7599983215332,49.7599983215332,52.52000045776367,46.50639343261719,3682500
2018-02-07,52.22999954223633,54.31999969482422,52.220001220703125,54.02000045776367,47.83464813232422,6427300
2018-02-08,54.02000045776367,54.33000183105469,50.70000076293945,50.709999084472656,44.90363693237305,3213100
2018-02-09,51.599998474121094,52.04999923706055,49.9900016784668,51.63999938964844,45.72715377807617,2791700
2018-02-12,52.06999969482422,52.5099983215332,51.290000915527344,52.060001373291016,46.099063873291016,2571300
2018-02-13,51.59000015258789,52.18000030517578,51.5099983215332,51.959999084472656,46.0105094909668,1767100
2018-02-14,52.38999938964844,54.77000045776367,51.81999969482422,54.5099983215332,48.45504379272461,4791300
2018-02-15,54.959999084472656,55.060001373291016,54.2599983215332,54.77000045776367,48.68616485595703,2250000
2018-02-16,54.61000061035156,55.36000061035156,54.5,55.06999969482422,48.95283508300781,2343100
2018-02-20,54.86000061035156,55.400001525878906,54.59000015258789,54.970001220703125,48.863948822021484,2093200
2018-02-21,55.040000915527344,56.56999969482422,54.70000076293945,55.86000061035156,49.65509033203125,2644800
2018-02-22,56.099998474121094,56.22999954223633,54.5099983215332,54.720001220703125,48.64171600341797,1836000
2018-02-23,54.869998931884766,55.70000076293945,54.68000030517578,55.68000030517578,49.495079040527344,2001600
2018-02-26,56.099998474121094,56.310001373291016,55.369998931884766,56.290000915527344,50.037322998046875,1938100
2018-02-27,56.29999923706055,57.06999969482422,55.7400016784668,55.7400016784668,49.54841613769531,1715700
2018-02-28,55.90999984741211,56.310001373291016,54.939998626708984,54.970001220703125,48.863948822021484,3168400
2018-03-01,55.11000061035156,55.65999984741211,54.099998474121094,54.380001068115234,48.33948516845703,2848500
2018-03-02,54.13999938964844,54.95000076293945,53.400001525878906,54.810001373291016,48.721717834472656,2226700
2018-03-05,54.38999938964844,55.9900016784668,53.970001220703125,55.709999084472656,49.52174758911133,4642700
2018-03-06,55.81999969482422,56.56999969482422,55.25,56.540000915527344,50.259552001953125,1600400
2018-03-07,55.83000183105469,57.08000183105469,55.83000183105469,56.93000030517578,50.60623550415039,1405400
2018-03-08,56.90999984741211,57.130001068115234,55.22999954223633,56.099998474121094,49.86842727661133,2060000
2018-03-09,56.75,57.04999923706055,56.310001373291016,57.040000915527344,50.704010009765625,1883100
2018-03-12,57.040000915527344,57.290000915527344,55.79999923706055,56.58000183105469,50.295108795166016,3135800
2018-03-13,57.040000915527344,57.290000915527344,55.459999084472656,55.75,49.55730438232422,2462000
2018-03-14,55.970001220703125,55.970001220703125,54.4900016784668,54.779998779296875,48.695045471191406,1828200
2018-03-15,55.56999969482422,55.56999969482422,54.470001220703125,54.75,48.66838455200195,2291600
2018-03-16,55.0,55.79999923706055,54.91999816894531,55.52000045776367,49.35285186767578,5493300
2018-03-19,55.31999969482422,55.77000045776367,54.34000015258789,54.9900016784668,48.8817253112793,1669500
2018-03-20,55.349998474121094,55.470001220703125,54.470001220703125,54.79999923706055,48.71282958984375,2864300
2018-03-21,54.939998626708984,55.779998779296875,54.38999938964844,55.099998474121094,48.9795036315918,2028900
2018-03-22,54.529998779296875,54.70000076293945,52.970001220703125,53.06999969482422,47.17500305175781,2809700
2018-03-23,53.220001220703125,53.369998931884766,51.16999816894531,51.22999954223633,45.53938293457031,3401200
2018-03-26,52.20000076293945,53.40999984741211,51.900001525878906,53.2400016784668,47.326114654541016,2457800
2018-03-27,53.25,53.709999084472656,51.619998931884766,52.02000045776367,46.24163055419922,2262400
2018-03-28,52.099998474121094,52.630001068115234,51.54999923706055,52.16999816894531,46.37496566772461,1968600
2018-03-29,52.40999984741211,53.029998779296875,51.97999954223633,52.72999954223633,46.87276077270508,1747400
2018-04-02,52.63999938964844,52.79999923706055,50.84000015258789,51.369998931884766,45.66383361816406,2250200
2018-04-03,51.77000045776367,52.34000015258789,51.31999969482422,51.939998626708984,46.17051696777344,2431700
2018-04-04,51.02000045776367,53.0099983215332,50.939998626708984,52.849998474121094,46.979434967041016,2105400
2018-04-05,53.16999816894531,53.459999084472656,52.619998931884766,52.88999938964844,47.014984130859375,1545900
2018-04-06,52.36000061035156,52.9900016784668,50.900001525878906,51.439998626708984,45.726051330566406,2475600
2018-04-09,51.939998626708984,52.90999984741211,51.61000061035156,51.630001068115234,45.89494705200195,1601500
2018-04-10,52.45000076293945,52.720001220703125,51.790000915527344,52.400001525878906,46.579429626464844,1635900
2018-04-11,51.81999969482422,52.65999984741211,51.68000030517578,52.13999938964844,46.348297119140625,1981000
2018-04-12,52.5099983215332,54.43000030517578,52.459999084472656,54.130001068115234,48.117252349853516,2284800
2018-04-13,54.4900016784668,54.560001373291016,52.65999984741211,52.849998474121094,46.979434967041016,2365500
2018-04-16,53.25,53.70000076293945,52.7400016784668,53.310001373291016,47.388328552246094,1459100
2018-04-17,53.619998931884766,53.619998931884766,51.560001373291016,51.91999816894531,46.15274429321289,2023200
2018-04-18,52.130001068115234,52.630001068115234,51.72999954223633,52.08000183105469,46.294960021972656,2701000
2018-04-19,52.029998779296875,53.369998931884766,51.93000030517578,53.209999084472656,47.29945373535156,2154800
2018-04-20,53.25,54.04999923706055,53.25,53.79999923706055,47.82390213012695,2493000
2018-04-23,54.04999923706055,54.380001068115234,53.70000076293945,54.2599983215332,48.232810974121094,2963900
2018-04-24,56.95000076293945,56.95000076293945,54.599998474121094,55.09000015258789,48.970611572265625,4341700
2018-04-25,54.95000076293945,55.91999816894531,54.04999923706055,55.2599983215332,49.12173080444336,3530200
2018-04-26,55.119998931884766,55.540000915527344,54.7599983215332,55.06999969482422,48.95283508300781,1621100
2018-04-27,55.349998474121094,56.0,55.02000045776367,55.599998474121094,49.42396545410156,1682200
2018-04-30,55.75,56.310001373291016,54.7400016784668,54.75,48.66838455200195,2115100
2018-05-01,54.560001373291016,55.5,54.08000183105469,55.04999923706055,48.93505859375,2102500
2018-05-02,54.90999984741211,56.119998931884766,54.5099983215332,55.189998626708984,49.059505462646484,3247100
2018-05-03,54.88999938964844,55.380001068115234,53.97999954223633,54.45000076293945,48.40170669555664,2587000
2018-05-04,54.06999969482422,55.93000030517578,53.7599983215332,55.459999084472656,49.29951095581055,2144200
2018-05-07,55.54999923706055,56.029998779296875,54.93000030517578,55.5099983215332,49.343963623046875,1774000
2018-05-08,55.5099983215332,56.869998931884766,55.4900016784668,55.95000076293945,49.73509216308594,3088400
2018-05-09,56.369998931884766,57.52000045776367,56.040000915527344,57.279998779296875,50.91735076904297,2355800
2018-05-10,57.20000076293945,58.130001068115234,56.93000030517578,57.779998779296875,51.36180877685547,2069100
2018-05-11,57.91999816894531,58.279998779296875,57.560001373291016,57.810001373291016,51.38847732543945,1436300
2018-05-14,58.060001373291016,58.18000030517578,57.290000915527344,57.61000061035156,51.210697174072266,1273700
2018-05-15,57.439998626708984,58.27000045776367,57.15999984741211,57.83000183105469,51.40625762939453,2223500
2018-05-16,57.4900016784668,57.93000030517578,57.22999954223633,57.7599983215332,51.55800247192383,1351600
2018-05-17,57.61000061035156,58.459999084472656,57.27000045776367,58.29999923706055,52.040016174316406,1615600
2018-05-18,58.18000030517578,58.279998779296875,57.72999954223633,57.77000045776367,51.56693649291992,996500
2018-05-21,58.209999084472656,58.63999938964844,57.810001373291016,57.959999084472656,51.73652648925781,1337300
2018-05-22,58.13999938964844,59.189998626708984,57.970001220703125,58.540000915527344,52.25425338745117,1886100
2018-05-23,58.349998474121094,58.65999984741211,57.58000183105469,58.0099983215332,51.78116226196289,1634200
2018-05-24,58.09000015258789,58.130001068115234,56.900001525878906,57.86000061035156,51.64726638793945,1819000
2018-05-25,57.400001525878906,57.68000030517578,56.88999938964844,57.04999923706055,50.92424392700195,1696100
2018-05-29,56.5,56.83000183105469,54.599998474121094,54.91999816894531,49.022945404052734,3153800
2018-05-30,55.959999084472656,55.959999084472656,55.040000915527344,55.529998779296875,49.56745147705078,2217800
2018-05-31,55.47999954223633,55.54999923706055,54.65999984741211,54.810001373291016,48.92476272583008,2223200
2018-06-01,55.709999084472656,56.060001373291016,55.34000015258789,55.65999984741211,49.68348693847656,1660200
2018-06-04,55.689998626708984,56.150001525878906,55.47999954223633,56.09000015258789,50.06731414794922,1293800
2018-06-05,55.84000015258789,56.11000061035156,55.0099983215332,55.779998779296875,49.79060363769531,1546600
2018-06-06,56.099998474121094,57.38999938964844,56.04999923706055,57.150001525878906,51.01349639892578,1948100
2018-06-07,57.2599983215332,57.599998474121094,56.5,56.959999084472656,50.84389877319336,1677500
2018-06-08,56.959999084472656,57.33000183105469,56.650001525878906,57.189998626708984,51.04920959472656,1519800
2018-06-11,57.349998474121094,57.540000915527344,56.439998626708984,56.56999969482422,50.49577331542969,1907500
2018-06-12,56.84000015258789,57.02000045776367,56.029998779296875,56.349998474121094,50.29940414428711,1450000
2018-06-13,56.5099983215332,57.040000915527344,55.72999954223633,56.0,49.986976623535156,2080400
2018-06-14,56.02000045776367,56.2599983215332,55.18000030517578,55.45000076293945,49.49604034423828,1854400
2018-06-15,55.0099983215332,55.459999084472656,54.2599983215332,55.279998779296875,49.34428787231445,2710500
2018-06-18,54.959999084472656,55.7400016784668,54.61000061035156,55.599998474121094,49.62993240356445,1562600
2018-06-19,54.939998626708984,55.959999084472656,54.7400016784668,55.900001525878906,49.89772415161133,1732600
2018-06-20,56.29999923706055,56.72999954223633,56.08000183105469,56.16999816894531,50.13872528076172,1495300
2018-06-21,56.0099983215332,56.650001525878906,55.70000076293945,56.5099983215332,50.442222595214844,1727100
2018-06-22,57.029998779296875,57.25,55.38999938964844,55.5099983215332,49.54960632324219,2127200
2018-06-25,55.459999084472656,55.459999084472656,53.84000015258789,54.630001068115234,48.76408767700195,2231700
2018-06-26,54.65999984741211,54.849998474121094,53.400001525878906,54.029998779296875,48.228515625,2113300
2018-06-27,54.06999969482422,54.36000061035156,52.88999938964844,53.04999923706055,47.35374450683594,1896800
2018-06-28,53.20000076293945,53.66999816894531,52.650001525878906,53.16999816894531,47.460853576660156,1909200
2018-06-29,53.5,54.220001220703125,52.68000030517578,52.689998626708984,47.03239822387695,2740900
2018-07-02,52.43000030517578,53.09000015258789,52.2400016784668,52.959999084472656,47.27340316772461,2197500
2018-07-03,52.970001220703125,53.470001220703125,52.25,52.33000183105469,46.711055755615234,886700
2018-07-05,52.779998779296875,52.939998626708984,52.11000061035156,52.380001068115234,46.75568771362305,1625200
2018-07-06,52.25,52.880001068115234,51.83000183105469,52.58000183105469,46.934207916259766,1476500
2018-07-09,52.93000030517578,54.02000045776367,52.70000076293945,53.93000030517578,48.139251708984375,1937700
2018-07-10,54.349998474121094,54.52000045776367,53.22999954223633,53.41999816894531,47.684017181396484,2453100
2018-07-11,53.2400016784668,53.790000915527344,52.97999954223633,53.130001068115234,47.425148010253906,1756200
2018-07-12,54.9900016784668,54.9900016784668,52.099998474121094,52.54999923706055,46.90742492675781,1874300
2018-07-13,52.400001525878906,52.470001220703125,51.59000015258789,51.7599983215332,46.20225524902344,2433100
2018-07-16,51.810001373291016,52.560001373291016,51.810001373291016,52.38999938964844,46.76460647583008,1925300
2018-07-17,52.36000061035156,53.290000915527344,52.36000061035156,53.060001373291016,47.362674713134766,2228800
2018-07-18,53.040000915527344,54.34000015258789,53.040000915527344,54.13999938964844,48.32670593261719,2878800
2018-07-19,54.400001525878906,54.470001220703125,53.09000015258789,53.20000076293945,47.48763656616211,2399700
2018-07-20,53.16999816894531,53.400001525878906,52.560001373291016,53.0099983215332,47.31804275512695,2394400
2018-07-23,53.150001525878906,54.22999954223633,53.08000183105469,53.79999923706055,48.02320861816406,2607300
2018-07-24,51.900001525878906,53.279998779296875,51.54999923706055,52.25,46.63964080810547,4974300
2018-07-25,52.0099983215332,52.529998779296875,51.220001220703125,51.52000045776367,45.9880256652832,5145000
2018-07-26,51.58000183105469,52.459999084472656,50.75,51.689998626708984,46.13976287841797,2061400
2018-07-27,51.869998931884766,52.45000076293945,51.310001373291016,51.68000030517578,46.13084411621094,3058600
2018-07-30,51.81999969482422,52.47999954223633,51.66999816894531,52.380001068115234,46.75568771362305,3955600
2018-07-31,52.439998626708984,52.599998474121094,51.369998931884766,51.70000076293945,46.1486930847168,2968400
2018-08-01,51.93000030517578,53.5099983215332,51.93000030517578,52.810001373291016,47.1395149230957,3497100
2018-08-02,52.619998931884766,53.86000061035156,52.31999969482422,53.529998779296875,47.782203674316406,3180600
2018-08-03,53.52000045776367,53.84000015258789,53.04999923706055,53.34000015258789,47.612606048583984,1803600
2018-08-06,53.25,53.58000183105469,52.77000045776367,53.22999954223633,47.514408111572266,1787200
2018-08-07,53.33000183105469,54.08000183105469,53.2400016784668,53.380001068115234,47.648311614990234,1799400
2018-08-08,53.36000061035156,53.86000061035156,53.04999923706055,53.68000030517578,47.91609191894531,1539500
2018-08-09,53.540000915527344,53.790000915527344,53.09000015258789,53.150001525878906,47.44300079345703,780500
2018-08-10,52.58000183105469,53.34000015258789,52.5,53.060001373291016,47.362674713134766,1788600
2018-08-13,53.060001373291016,53.27000045776367,52.540000915527344,52.56999969482422,46.92527770996094,1429500
2018-08-14,52.79999923706055,53.68000030517578,52.63999938964844,53.56999969482422,47.817901611328125,2577300
2018-08-15,52.869998931884766,53.22999954223633,52.5,52.720001220703125,47.32419204711914,2054100
2018-08-16,52.790000915527344,54.040000915527344,52.779998779296875,53.7400016784668,48.23980712890625,1522800
2018-08-17,53.54999923706055,53.97999954223633,53.0099983215332,53.72999954223633,48.23082733154297,1321200
2018-08-20,53.7400016784668,54.189998626708984,53.540000915527344,53.97999954223633,48.45523452758789,1542200
2018-08-21,54.189998626708984,54.7599983215332,53.97999954223633,54.220001220703125,48.67067337036133,1649600
2018-08-22,53.95000076293945,54.209999084472656,53.0099983215332,54.06999969482422,48.53602600097656,651800
2018-08-23,53.959999084472656,54.029998779296875,53.369998931884766,53.58000183105469,48.09617233276367,1084800
2018-08-24,53.810001373291016,53.93000030517578,53.380001068115234,53.41999816894531,47.95255661010742,780900
2018-08-27,53.72999954223633,54.13999938964844,53.52000045776367,53.66999816894531,48.17695999145508,1326300
2018-08-28,53.939998626708984,53.97999954223633,53.31999969482422,53.52000045776367,48.04232406616211,1244300
2018-08-29,53.5099983215332,53.959999084472656,53.119998931884766,53.68000030517578,48.18593978881836,2068600
2018-08-30,53.47999954223633,53.709999084472656,53.119998931884766,53.16999816894531,47.7281379699707,2648900
2018-08-31,53.029998779296875,53.349998474121094,52.880001068115234,53.290000915527344,47.83586502075195,1644100
2018-09-04,53.349998474121094,54.0,53.18000030517578,53.91999816894531,48.40138626098633,1987500
2018-09-05,53.88999938964844,54.369998931884766,53.66999816894531,53.83000183105469,48.320594787597656,1213500
2018-09-06,53.810001373291016,53.939998626708984,53.290000915527344,53.31999969482422,47.86279296875,1100800
2018-09-07,53.15999984741211,53.36000061035156,52.5,52.7599983215332,47.360107421875,2152000
2018-09-10,52.900001525878906,53.29999923706055,52.79999923706055,52.93000030517578,47.512699127197266,1352100
2018-09-11,52.9900016784668,53.52000045776367,52.84000015258789,53.16999816894531,47.7281379699707,1048100
2018-09-12,53.099998474121094,53.13999938964844,52.060001373291016,52.25,46.90230178833008,1543700
2018-09-13,52.40999984741211,52.58000183105469,51.529998779296875,51.61000061035156,46.32780838012695,1871100
2018-09-14,51.72999954223633,52.5,51.529998779296875,52.209999084472656,46.866397857666016,1741800
2018-09-17,52.25,52.279998779296875,51.45000076293945,51.709999084472656,46.41756820678711,1567900
2018-09-18,51.7599983215332,51.7599983215332,51.2400016784668,51.5099983215332,46.238037109375,1701200
2018-09-19,51.4900016784668,52.349998474121094,51.400001525878906,52.08000183105469,46.74969482421875,1761100
2018-09-20,52.279998779296875,52.81999969482422,52.09000015258789,52.5,47.126705169677734,2199600
2018-09-21,52.40999984741211,52.70000076293945,52.09000015258789,52.56999969482422,47.18954849243164,5125800
2018-09-24,52.439998626708984,52.5099983215332,51.66999816894531,51.900001525878906,46.58812713623047,1668400
2018-09-25,52.0,52.2599983215332,51.72999954223633,51.810001373291016,46.5073356628418,1265900
2018-09-26,52.0,52.060001373291016,50.81999969482422,50.959999084472656,45.74433135986328,1700700
2018-09-27,50.9900016784668,50.9900016784668,50.2599983215332,50.29999923706055,45.15187454223633,1569300
2018-09-28,49.959999084472656,50.34000015258789,49.790000915527344,50.150001525878906,45.017242431640625,1871900
2018-10-01,50.38999938964844,50.529998779296875,49.31999969482422,49.56999969482422,44.49658966064453,2262000
2018-10-02,49.83000183105469,49.959999084472656,49.16999816894531,49.43000030517578,44.37091827392578,1616500
2018-10-03,49.86000061035156,51.04999923706055,49.630001068115234,50.779998779296875,45.582759857177734,2217200
2018-10-04,50.95000076293945,51.9900016784668,50.88999938964844,51.529998779296875,46.25598907470703,2040000
2018-10-05,51.5,51.869998931884766,50.900001525878906,51.16999816894531,45.93282699584961,1728700
2018-10-08,51.130001068115234,52.2400016784668,50.90999984741211,52.09000015258789,46.75867462158203,2125500
2018-10-09,51.90999984741211,52.0099983215332,51.45000076293945,51.66999816894531,46.38166046142578,1524600
2018-10-10,51.849998474121094,52.2599983215332,50.790000915527344,50.81999969482422,45.61865997314453,2224400
2018-10-11,50.5099983215332,50.81999969482422,49.11000061035156,49.18000030517578,44.14651107788086,3110400
2018-10-12,49.7400016784668,50.22999954223633,47.150001525878906,48.220001220703125,43.28476333618164,3752000
2018-10-15,48.119998931884766,48.7400016784668,47.95000076293945,48.0,43.087276458740234,2052000
2018-10-16,48.27000045776367,48.279998779296875,47.47999954223633,48.16999816894531,43.239891052246094,2728900
2018-10-17,47.93000030517578,48.880001068115234,47.41999816894531,48.439998626708984,43.48224639892578,2642600
2018-10-18,48.27000045776367,48.65999984741211,47.27000045776367,47.349998474121094,42.50379943847656,3445200
2018-10-19,47.22999954223633,47.93000030517578,46.79999923706055,46.970001220703125,42.16270065307617,3083700
2018-10-22,47.15999984741211,47.2400016784668,45.20000076293945,45.349998474121094,40.70849609375,3468000
2018-10-23,47.529998779296875,47.72999954223633,45.86000061035156,47.18000030517578,42.3512077331543,4688300
2018-10-24,47.189998626708984,47.33000183105469,45.529998779296875,45.619998931884766,40.95087432861328,4266600
2018-10-25,45.88999938964844,47.540000915527344,45.88999938964844,47.150001525878906,42.32426834106445,3108900
2018-10-26,46.650001525878906,47.310001373291016,46.119998931884766,46.560001373291016,41.79467010498047,3596100
2018-10-29,47.54999923706055,47.959999084472656,46.5,47.040000915527344,42.22553634643555,4494600
2018-10-30,47.2599983215332,47.439998626708984,46.38999938964844,46.900001525878906,42.09987258911133,5212400
2018-10-31,47.41999816894531,48.2400016784668,47.02000045776367,47.04999923706055,42.2345085144043,5025400
2018-11-01,47.220001220703125,47.900001525878906,47.20000076293945,47.58000183105469,42.71026611328125,4362700
2018-11-02,48.130001068115234,48.849998474121094,47.86000061035156,48.16999816894531,43.239891052246094,2389600
2018-11-05,48.29999923706055,48.95000076293945,48.220001220703125,48.65999984741211,43.67972946166992,2282600
2018-11-06,48.40999984741211,49.43000030517578,48.209999084472656,49.189998626708984,44.15548324584961,2650000
2018-11-07,49.689998626708984,49.79999923706055,48.349998474121094,49.709999084472656,44.62226867675781,2606900
2018-11-08,49.529998779296875,50.849998474121094,49.369998931884766,50.41999816894531,45.25959014892578,3506900
2018-11-09,50.2599983215332,50.939998626708984,49.75,50.15999984741211,45.02621078491211,2155900
2018-11-12,50.0,50.43000030517578,49.34000015258789,49.439998626708984,44.37989807128906,1922900
2018-11-13,49.189998626708984,50.11000061035156,48.900001525878906,48.939998626708984,44.19926834106445,3595900
2018-11-14,49.18000030517578,49.5,47.45000076293945,47.849998474121094,43.21485900878906,3548300
2018-11-15,47.470001220703125,48.40999984741211,47.13999938964844,48.349998474121094,43.66642379760742,2334400
2018-11-16,47.970001220703125,48.959999084472656,47.810001373291016,48.43000030517578,43.73868179321289,3324400
2018-11-19,48.459999084472656,49.189998626708984,48.220001220703125,48.5,43.801902770996094,2257300
2018-11-20,48.220001220703125,48.470001220703125,47.31999969482422,47.380001068115234,42.7903938293457,2292400
2018-11-21,47.470001220703125,48.13999938964844,46.88999938964844,47.11000061035156,42.546546936035156,1676200
2018-11-23,46.77000045776367,47.5,46.459999084472656,47.02000045776367,42.46525955200195,924000
2018-11-26,47.54999923706055,48.4900016784668,47.369998931884766,48.06999969482422,43.41354751586914,1664400
2018-11-27,48.18000030517578,48.43000030517578,47.65999984741211,47.91999816894531,43.278076171875,1442600
2018-11-28,47.900001525878906,48.47999954223633,47.2400016784668,48.310001373291016,43.63030242919922,1336000
2018-11-29,47.880001068115234,48.5099983215332,47.7400016784668,48.209999084472656,43.53998947143555,1177100
2018-11-30,48.09000015258789,48.939998626708984,47.95000076293945,48.65999984741211,43.9463996887207,4656300
2018-12-03,49.16999816894531,49.470001220703125,48.099998474121094,48.38999938964844,43.70255661010742,2529000
2018-12-04,48.25,48.369998931884766,45.220001220703125,45.88999938964844,41.44471740722656,3636700
2018-12-06,45.029998779296875,45.939998626708984,44.54999923706055,45.88999938964844,41.44471740722656,3103200
2018-12-07,45.83000183105469,46.43000030517578,44.83000183105469,45.11000061035156,40.74028396606445,2035700
2018-12-10,44.790000915527344,45.06999969482422,43.70000076293945,44.22999954223633,39.94552993774414,2821700
2018-12-11,44.77000045776367,45.0,43.290000915527344,43.45000076293945,39.24108123779297,2828000
2018-12-12,44.18000030517578,44.220001220703125,43.459999084472656,43.720001220703125,39.48493576049805,4743300
2018-12-13,43.939998626708984,43.9900016784668,42.400001525878906,42.5,38.38310241699219,3764800
2018-12-14,42.06999969482422,42.7400016784668,41.40999984741211,41.540000915527344,37.51610565185547,3918200
2018-12-17,41.310001373291016,42.220001220703125,41.04999923706055,41.189998626708984,37.20000076293945,3884300
2018-12-18,41.470001220703125,41.900001525878906,40.400001525878906,40.7599983215332,36.81165313720703,3384900
2018-12-19,40.849998474121094,41.5099983215332,39.900001525878906,40.130001068115234,36.2426872253418,3597700
2018-12-20,39.83000183105469,40.5,39.43000030517578,39.7400016784668,35.89046096801758,3223800
2018-12-21,39.75,40.310001373291016,38.90999984741211,39.060001373291016,35.27633285522461,3817800
2018-12-24,38.77000045776367,39.20000076293945,38.189998626708984,38.5099983215332,34.779605865478516,1504800
2018-12-26,38.61000061035156,40.52000045776367,38.08000183105469,40.5099983215332,36.585872650146484,2969800
2018-12-27,39.849998474121094,40.459999084472656,39.18000030517578,40.459999084472656,36.54072189331055,2534200
2018-12-28,40.66999816894531,41.029998779296875,40.09000015258789,40.43000030517578,36.51362609863281,2558600
2018-12-31,40.4900016784668,40.959999084472656,39.939998626708984,40.7400016784668,36.79359817504883,2575600
2019-01-02,40.029998779296875,41.61000061035156,40.029998779296875,41.58000183105469,37.55222702026367,2234100
2019-01-03,41.529998779296875,42.13999938964844,41.20000076293945,41.349998474121094,37.34450149536133,2078400
2019-01-04,42.130001068115234,42.810001373291016,41.880001068115234,42.619998931884766,38.491485595703125,2370500
2019-01-07,42.27000045776367,43.38999938964844,42.099998474121094,42.790000915527344,38.645015716552734,2459700
2019-01-08,43.310001373291016,43.33000183105469,42.459999084472656,43.18000030517578,38.99724197387695,2819200
2019-01-09,43.33000183105469,43.95000076293945,42.97999954223633,43.54999923706055,39.331390380859375,2700300
2019-01-10,43.439998626708984,43.95000076293945,43.18000030517578,43.7599983215332,39.52104949951172,2063000
2019-01-11,43.47999954223633,44.13999938964844,43.2599983215332,43.9900016784668,39.7287712097168,2074100
2019-01-14,43.66999816894531,44.560001373291016,43.540000915527344,44.31999969482422,40.026798248291016,2116200
2019-01-15,44.150001525878906,44.83000183105469,43.779998779296875,44.810001373291016,40.46934127807617,1748000
2019-01-16,45.13999938964844,45.91999816894531,44.970001220703125,45.75,41.31827926635742,2826500
2019-01-17,45.540000915527344,46.630001068115234,45.150001525878906,46.59000015258789,42.07692337036133,3989600
2019-01-18,46.849998474121094,47.209999084472656,46.06999969482422,47.04999923706055,42.49235534667969,4259600
2019-01-22,46.79999923706055,46.959999084472656,46.18000030517578,46.529998779296875,42.02272415161133,4301100
2019-01-23,47.400001525878906,48.4900016784668,46.720001220703125,48.11000061035156,43.44968032836914,5894200
2019-01-24,47.77000045776367,48.7400016784668,47.709999084472656,48.599998474121094,43.89221954345703,3144700
2019-01-25,48.810001373291016,49.20000076293945,48.54999923706055,48.68000030517578,43.964454650878906,2842500
2019-01-28,48.279998779296875,48.95000076293945,48.11000061035156,48.79999923706055,44.07283401489258,2613100
2019-01-29,48.779998779296875,49.189998626708984,48.220001220703125,48.25,43.57611083984375,1810200
2019-01-30,48.400001525878906,48.630001068115234,47.91999816894531,47.97999954223633,43.3322639465332,2328600
2019-01-31,47.7400016784668,48.0,46.81999969482422,47.59000015258789,42.98005294799805,3905100
2019-02-01,47.79999923706055,48.380001068115234,47.45000076293945,48.290000915527344,43.61224365234375,2423300
2019-02-04,48.36000061035156,49.060001373291016,48.0099983215332,49.0099983215332,44.262489318847656,2684900
2019-02-05,48.95000076293945,49.189998626708984,48.25,48.83000183105469,44.09993362426758,3755200
2019-02-06,48.59000015258789,49.08000183105469,48.52000045776367,48.97999954223633,44.23540496826172,2015400
2019-02-07,49.66999816894531,50.22999954223633,49.02000045776367,49.29999923706055,44.5244026184082,3289800
2019-02-08,49.060001373291016,49.27000045776367,48.349998474121094,49.040000915527344,44.28958511352539,2887100
2019-02-11,49.29999923706055,49.650001525878906,49.13999938964844,49.41999816894531,44.632774353027344,1826100
2019-02-12,49.79999923706055,50.220001220703125,49.56999969482422,49.88999938964844,45.057247161865234,2656200
2019-02-13,49.689998626708984,50.0,49.310001373291016,49.54999923706055,45.02090835571289,2270100
2019-02-14,49.220001220703125,49.290000915527344,48.599998474121094,48.93000030517578,44.45758056640625,2709100
2019-02-15,49.2400016784668,50.150001525878906,48.130001068115234,50.11000061035156,45.529720306396484,2744500
2019-02-19,49.72999954223633,50.86000061035156,49.70000076293945,50.720001220703125,46.083961486816406,1770100
2019-02-20,50.689998626708984,51.33000183105469,50.41999816894531,51.279998779296875,46.592777252197266,1856000
2019-02-21,50.77000045776367,51.16999816894531,50.68000030517578,50.900001525878906,46.24751281738281,3094700
2019-02-22,50.93000030517578,51.209999084472656,50.720001220703125,51.16999816894531,46.49283218383789,2407400
2019-02-25,51.41999816894531,51.720001220703125,50.95000076293945,50.9900016784668,46.329288482666016,1897700
2019-02-26,50.79999923706055,51.11000061035156,50.38999938964844,50.41999816894531,45.811370849609375,2086100
2019-02-27,50.540000915527344,51.22999954223633,50.2599983215332,51.08000183105469,46.41106033325195,2716500
2019-02-28,51.099998474121094,51.38999938964844,51.0,51.099998474121094,46.429237365722656,1968000
2019-03-01,51.439998626708984,51.810001373291016,50.720001220703125,51.16999816894531,46.49283218383789,2025500
2019-03-04,51.22999954223633,51.70000076293945,50.439998626708984,50.86000061035156,46.21117401123047,1964100
2019-03-05,50.869998931884766,51.2400016784668,49.97999954223633,50.790000915527344,46.1475715637207,2534800
2019-03-06,50.720001220703125,50.790000915527344,49.529998779296875,49.66999816894531,45.12993621826172,1939000
2019-03-07,49.5099983215332,49.560001373291016,48.459999084472656,48.709999084472656,44.25768280029297,2057900
2019-03-08,48.279998779296875,48.84000015258789,48.150001525878906,48.70000076293945,44.248600006103516,1664000
2019-03-11,48.90999984741211,49.25,48.529998779296875,48.86000061035156,44.393978118896484,2260900
2019-03-12,49.0,49.20000076293945,48.529998779296875,48.91999816894531,44.44849395751953,2306500
2019-03-13,49.16999816894531,49.2599983215332,48.77000045776367,49.119998931884766,44.630210876464844,1968700
2019-03-14,49.20000076293945,49.380001068115234,48.83000183105469,49.08000183105469,44.5938720703125,2441400
2019-03-15,48.93000030517578,49.66999816894531,48.93000030517578,49.15999984741211,44.66655349731445,2966100
2019-03-18,49.2400016784668,50.15999984741211,49.2400016784668,50.040000915527344,45.46611404418945,2248300
2019-03-19,50.34000015258789,50.540000915527344,48.880001068115234,48.970001220703125,44.493919372558594,1880900
2019-03-20,48.720001220703125,49.0099983215332,47.099998474121094,47.11000061035156,42.80393600463867,2461500
2019-03-21,46.83000183105469,46.90999984741211,46.0,46.04999923706055,41.840824127197266,3905500
2019-03-22,45.470001220703125,45.599998474121094,43.18000030517578,43.63999938964844,39.65110397338867,5935000
2019-03-25,43.689998626708984,44.16999816894531,43.34000015258789,43.75,39.75105667114258,3720000
2019-03-26,43.91999816894531,44.97999954223633,43.91999816894531,44.97999954223633,40.86863327026367,4080400
2019-03-27,44.959999084472656,45.060001373291016,44.5099983215332,44.869998931884766,40.7686767578125,2302300
2019-03-28,44.91999816894531,45.400001525878906,44.66999816894531,45.369998931884766,41.22297668457031,1643500
2019-03-29,45.79999923706055,45.86000061035156,45.150001525878906,45.40999984741211,41.25931930541992,1950500
2019-04-01,45.709999084472656,46.84000015258789,45.709999084472656,46.720001220703125,42.449581146240234,2747100
2019-04-02,46.4900016784668,47.27000045776367,46.43000030517578,46.93000030517578,42.640380859375,2357800
2019-04-03,47.54999923706055,47.93000030517578,47.029998779296875,47.18000030517578,42.867530822753906,2755300
2019-04-04,46.25,47.779998779296875,46.25,47.68000030517578,43.32182693481445,2259600
2019-04-05,47.709999084472656,47.900001525878906,47.27000045776367,47.56999969482422,43.22188949584961,1972500
2019-04-08,47.40999984741211,48.040000915527344,47.31999969482422,47.619998931884766,43.26731872558594,1499200
2019-04-09,47.45000076293945,47.56999969482422,46.77000045776367,46.900001525878906,42.61313247680664,1572900
2019-04-10,46.97999954223633,47.20000076293945,46.41999816894531,47.13999938964844,42.8311882019043,1263100
2019-04-11,47.43000030517578,47.91999816894531,47.13999938964844,47.5,43.158287048339844,1481000
2019-04-12,48.20000076293945,48.900001525878906,47.650001525878906,48.41999816894531,43.99418258666992,2264400
2019-04-15,48.38999938964844,48.43000030517578,47.5,47.650001525878906,43.29457473754883,1295600
2019-04-16,47.79999923706055,48.349998474121094,47.15999984741211,48.2599983215332,43.848812103271484,1722600
2019-04-17,48.5099983215332,48.54999923706055,47.86000061035156,48.36000061035156,43.939674377441406,1754900
2019-04-18,48.31999969482422,48.33000183105469,47.220001220703125,47.29999923706055,42.976566314697266,2392700
2019-04-22,47.09000015258789,47.34000015258789,46.650001525878906,46.709999084472656,42.44049072265625,2964400
2019-04-23,46.619998931884766,49.08000183105469,46.619998931884766,48.84000015258789,44.37580490112305,3857600
2019-04-24,48.790000915527344,48.790000915527344,47.52000045776367,48.400001525878906,43.97602844238281,1955900
2019-04-25,48.209999084472656,48.720001220703125,47.90999984741211,48.36000061035156,43.939674377441406,1275100
2019-04-26,48.36000061035156,48.810001373291016,48.0099983215332,48.75,44.294029235839844,1013800
2019-04-29,48.91999816894531,49.84000015258789,48.91999816894531,49.41999816894531,44.90278244018555,1836200
2019-04-30,49.380001068115234,49.52000045776367,48.869998931884766,49.33000183105469,44.821014404296875,1775500
2019-05-01,49.34000015258789,49.86000061035156,48.5,48.58000183105469,44.13956832885742,1732500
2019-05-02,48.619998931884766,49.63999938964844,48.619998931884766,49.47999954223633,44.957313537597656,1560500
2019-05-03,49.72999954223633,50.20000076293945,49.65999984741211,50.04999923706055,45.4752082824707,1698200
2019-05-06,49.189998626708984,49.97999954223633,49.11000061035156,49.68000030517578,45.13902282714844,1632500
2019-05-07,49.119998931884766,49.18000030517578,48.459999084472656,48.709999084472656,44.25768280029297,1936400
2019-05-08,48.459999084472656,48.7599983215332,48.15999984741211,48.189998626708984,43.78521728515625,1665600
2019-05-09,47.61000061035156,48.45000076293945,47.310001373291016,48.2400016784668,43.830650329589844,1889000
2019-05-10,47.93000030517578,48.66999816894531,47.599998474121094,48.439998626708984,44.01236343383789,1676200
2019-05-13,47.45000076293945,47.790000915527344,45.91999816894531,46.029998779296875,41.82264709472656,2551800
2019-05-14,46.119998931884766,47.029998779296875,45.91999816894531,46.439998626708984,42.195167541503906,2510300
2019-05-15,45.59000015258789,45.810001373291016,44.7400016784668,45.130001068115234,41.27153396606445,2629700
2019-05-16,45.16999816894531,46.029998779296875,45.16999816894531,45.56999969482422,41.67390060424805,1639700
2019-05-17,45.150001525878906,45.880001068115234,45.029998779296875,45.099998474121094,41.24409866333008,2112100
2019-05-20,45.040000915527344,45.540000915527344,44.63999938964844,44.900001525878906,41.061187744140625,1730700
2019-05-21,45.349998474121094,45.91999816894531,45.16999816894531,45.779998779296875,41.8659553527832,2491900
2019-05-22,45.470001220703125,45.66999816894531,44.81999969482422,45.41999816894531,41.53672790527344,1985800
2019-05-23,44.970001220703125,45.400001525878906,44.369998931884766,44.93000030517578,41.088619232177734,3335100
2019-05-24,45.20000076293945,45.45000076293945,45.040000915527344,45.34000015258789,41.46356964111328,1468400
2019-05-28,45.18000030517578,45.52000045776367,44.220001220703125,44.25,40.466766357421875,3367100
2019-05-29,43.939998626708984,44.72999954223633,43.59000015258789,44.61000061035156,40.795989990234375,1968000
2019-05-30,44.630001068115234,44.91999816894531,43.619998931884766,43.959999084472656,40.201560974121094,1291300
2019-05-31,43.41999816894531,43.4900016784668,42.939998626708984,43.06999969482422,39.38765335083008,2510800
2019-06-03,42.93000030517578,43.720001220703125,42.79999923706055,43.31999969482422,39.61627197265625,2009500
2019-06-04,44.02000045776367,45.0,43.959999084472656,44.400001525878906,40.603939056396484,2669300
2019-06-05,44.470001220703125,44.5099983215332,43.58000183105469,44.18000030517578,40.40274429321289,1886700
2019-06-06,44.099998474121094,44.41999816894531,43.68000030517578,44.2400016784668,40.457618713378906,1898200
2019-06-07,44.16999816894531,44.16999816894531,43.4900016784668,43.63999938964844,39.90891647338867,2360400
2019-06-10,44.11000061035156,44.540000915527344,43.81999969482422,43.84000015258789,40.091819763183594,1866300
2019-06-11,44.220001220703125,44.70000076293945,44.209999084472656,44.41999816894531,40.62221908569336,2591600
2019-06-12,44.459999084472656,44.56999969482422,43.86000061035156,44.16999816894531,40.39360046386719,1547300
2019-06-13,44.33000183105469,44.869998931884766,44.220001220703125,44.72999954223633,40.905723571777344,1978300
2019-06-14,44.709999084472656,45.0,44.09000015258789,44.880001068115234,41.04290008544922,1421300
2019-06-17,44.880001068115234,45.09000015258789,43.84000015258789,44.040000915527344,40.27471923828125,1452700
2019-06-18,44.0,45.22999954223633,43.689998626708984,45.040000915527344,41.18922424316406,2115000
2019-06-19,45.2400016784668,45.75,44.33000183105469,44.36000061035156,40.567359924316406,1725900
2019-06-20,44.599998474121094,44.849998474121094,43.45000076293945,44.400001525878906,40.603939056396484,1866200
2019-06-21,44.34000015258789,44.970001220703125,44.34000015258789,44.43000030517578,40.63137435913086,3085700
2019-06-24,44.4900016784668,44.97999954223633,44.060001373291016,44.119998931884766,40.347877502441406,1404100
2019-06-25,44.2400016784668,44.2400016784668,43.349998474121094,43.9900016784668,40.2289924621582,1412500
2019-06-26,44.130001068115234,44.77000045776367,44.130001068115234,44.380001068115234,40.58565139770508,1460200
2019-06-27,44.45000076293945,45.09000015258789,44.45000076293945,45.0,41.15264129638672,1442300
2019-06-28,45.529998779296875,46.029998779296875,45.119998931884766,45.97999954223633,42.04885482788086,2737100
2019-07-01,46.33000183105469,46.810001373291016,46.029998779296875,46.33000183105469,42.368934631347656,1528100
2019-07-02,46.04999923706055,46.27000045776367,44.84000015258789,44.849998474121094,41.01546096801758,1757300
2019-07-03,45.0,45.439998626708984,44.779998779296875,45.369998931884766,41.491004943847656,1033700
2019-07-05,45.7599983215332,46.369998931884766,45.59000015258789,46.209999084472656,42.25918960571289,1456800
2019-07-08,45.79999923706055,45.95000076293945,45.25,45.31999969482422,41.445281982421875,2010200
2019-07-09,45.060001373291016,45.97999954223633,45.060001373291016,45.93000030517578,42.00313186645508,1558800
2019-07-10,45.84000015258789,45.97999954223633,45.22999954223633,45.279998779296875,41.40869903564453,1404700
2019-07-11,45.33000183105469,45.97999954223633,45.099998474121094,45.84000015258789,41.92082214355469,1500800
2019-07-12,46.130001068115234,46.540000915527344,45.689998626708984,46.380001068115234,42.41465377807617,1565400
2019-07-15,46.279998779296875,46.279998779296875,45.189998626708984,45.369998931884766,41.491004943847656,1415200
2019-07-16,45.56999969482422,45.63999938964844,45.099998474121094,45.4900016784668,41.60074234008789,1508700
2019-07-17,45.40999984741211,45.439998626708984,44.63999938964844,44.880001068115234,41.04290008544922,1443200
2019-07-18,44.93000030517578,45.68000030517578,44.61000061035156,45.540000915527344,41.64647674560547,1512400
2019-07-19,45.220001220703125,46.290000915527344,45.130001068115234,46.099998474121094,42.158592224121094,3144500
2019-07-22,45.93000030517578,46.27000045776367,45.11000061035156,45.22999954223633,41.362979888916016,2792800
2019-07-23,42.150001525878906,43.09000015258789,41.95000076293945,42.83000183105469,39.16816711425781,7886900
2019-07-24,42.70000076293945,43.560001373291016,42.34000015258789,43.5099983215332,39.79002380371094,4132000
2019-07-25,43.56999969482422,44.63999938964844,43.22999954223633,44.25,40.466766357421875,4082300
2019-07-26,44.29999923706055,45.220001220703125,43.77000045776367,45.15999984741211,41.29895782470703,3137300
2019-07-29,45.099998474121094,45.54999923706055,44.540000915527344,44.650001525878906,40.83256530761719,2314400
2019-07-30,44.400001525878906,45.4900016784668,44.31999969482422,45.47999954223633,41.59160614013672,1863600
2019-07-31,45.400001525878906,45.5099983215332,44.40999984741211,45.06999969482422,41.21665954589844,3208200
2019-08-01,44.849998474121094,45.18000030517578,42.86000061035156,42.939998626708984,39.26875686645508,3149300
2019-08-02,42.849998474121094,43.22999954223633,42.11000061035156,42.54999923706055,38.912109375,2946700
2019-08-05,41.650001525878906,41.93000030517578,40.65999984741211,41.18000030517578,37.659236907958984,3966700
2019-08-06,41.59000015258789,42.11000061035156,40.970001220703125,42.02000045776367,38.42742156982422,3297400
2019-08-07,41.11000061035156,41.88999938964844,40.54999923706055,41.31999969482422,37.78727340698242,3519600
2019-08-08,41.720001220703125,42.34000015258789,41.45000076293945,42.130001068115234,38.52801513671875,2259500
2019-08-09,41.810001373291016,42.18000030517578,41.529998779296875,41.849998474121094,38.27195358276367,1617700
2019-08-12,41.33000183105469,41.5099983215332,40.880001068115234,41.029998779296875,37.52206039428711,2143200
2019-08-13,40.86000061035156,42.0099983215332,40.79999923706055,41.2400016784668,37.714111328125,2474300
2019-08-14,39.959999084472656,40.31999969482422,39.54999923706055,39.650001525878906,36.56147766113281,2953300
2019-08-15,39.709999084472656,40.04999923706055,39.119998931884766,39.20000076293945,36.14653015136719,2818200
2019-08-16,39.52000045776367,40.33000183105469,39.43000030517578,40.20000076293945,37.06863784790039,2268700
2019-08-19,40.77000045776367,41.06999969482422,40.58000183105469,40.880001068115234,37.69566345214844,1895700
2019-08-20,40.45000076293945,40.720001220703125,40.36000061035156,40.47999954223633,37.32682418823242,2101000
2019-08-21,40.90999984741211,41.13999938964844,40.58000183105469,40.93000030517578,37.741764068603516,2475100
2019-08-22,41.34000015258789,41.439998626708984,40.880001068115234,41.13999938964844,37.9354133605957,2197800
2019-08-23,40.93000030517578,41.40999984741211,39.900001525878906,40.029998779296875,36.9118766784668,3474300
2019-08-26,40.369998931884766,40.400001525878906,39.810001373291016,40.20000076293945,37.06863784790039,2471500
2019-08-27,40.41999816894531,40.90999984741211,39.150001525878906,39.4900016784668,36.4139404296875,2961200
2019-08-28,39.22999954223633,40.13999938964844,39.11000061035156,40.02000045776367,36.902652740478516,2023200
2019-08-29,40.40999984741211,41.130001068115234,40.38999938964844,40.77000045776367,37.59423828125,1797500
2019-08-30,41.099998474121094,41.45000076293945,40.81999969482422,41.09000015258789,37.889305114746094,1490800
2019-09-03,40.779998779296875,40.779998779296875,39.7400016784668,39.790000915527344,36.6905632019043,2579900
2019-09-04,40.08000183105469,40.25,39.650001525878906,40.0099983215332,36.89342498779297,2230800
2019-09-05,40.75,41.72999954223633,40.66999816894531,41.13999938964844,37.9354133605957,2210600
2019-09-06,41.06999969482422,41.310001373291016,40.79999923706055,40.939998626708984,37.75099182128906,1737200
2019-09-09,41.38999938964844,42.56999969482422,40.970001220703125,42.369998931884766,39.069602966308594,3143900
2019-09-10,42.720001220703125,43.689998626708984,42.54999923706055,43.65999984741211,40.25912094116211,3048300
2019-09-11,43.66999816894531,44.2400016784668,42.90999984741211,44.150001525878906,40.71095657348633,2356900
2019-09-12,43.790000915527344,44.709999084472656,43.20000076293945,44.630001068115234,41.153564453125,1862400
2019-09-13,45.06999969482422,45.41999816894531,44.630001068115234,44.77000045776367,41.282657623291016,2510800
2019-09-16,44.45000076293945,45.2400016784668,44.130001068115234,45.18000030517578,41.66071701049805,1948600
2019-09-17,44.900001525878906,44.900001525878906,44.15999984741211,44.540000915527344,41.0705680847168,1313300
2019-09-18,44.400001525878906,45.29999923706055,44.09000015258789,45.08000183105469,41.568511962890625,1799800
2019-09-19,45.130001068115234,45.2599983215332,44.540000915527344,44.58000183105469,41.107452392578125,2276600
2019-09-20,44.849998474121094,44.959999084472656,44.27000045776367,44.5099983215332,41.04290771484375,3212000
2019-09-23,44.36000061035156,44.529998779296875,43.900001525878906,44.29999923706055,40.84926986694336,1220000
2019-09-24,44.25,44.58000183105469,43.349998474121094,43.77000045776367,40.36054992675781,2012400
2019-09-25,43.72999954223633,44.439998626708984,43.720001220703125,44.369998931884766,40.91381072998047,1133800
2019-09-26,44.290000915527344,44.380001068115234,43.93000030517578,43.959999084472656,40.53575134277344,858700
2019-09-27,44.40999984741211,44.900001525878906,43.93000030517578,44.36000061035156,40.90459060668945,1332100
2019-09-30,44.56999969482422,44.779998779296875,44.16999816894531,44.52000045776367,41.052127838134766,1236700
2019-10-01,44.77000045776367,45.02000045776367,42.86000061035156,42.970001220703125,39.62287139892578,1644500
2019-10-02,42.619998931884766,42.869998931884766,41.90999984741211,42.2599983215332,38.96816635131836,1861200
2019-10-03,42.220001220703125,42.689998626708984,41.61000061035156,42.689998626708984,39.36467742919922,2215300
2019-10-04,42.599998474121094,43.2599983215332,42.16999816894531,43.20000076293945,39.834957122802734,1205400
2019-10-07,43.189998626708984,43.7599983215332,43.0,43.439998626708984,40.056251525878906,1058700
2019-10-08,42.22999954223633,42.68000030517578,42.0,42.209999084472656,38.92206573486328,2271300
2019-10-09,42.4900016784668,42.650001525878906,42.189998626708984,42.41999816894531,39.11570739746094,1265600
2019-10-10,42.619998931884766,43.529998779296875,42.52000045776367,43.209999084472656,39.84416580200195,1306100
2019-10-11,43.720001220703125,44.599998474121094,43.709999084472656,44.09000015258789,40.65562438964844,1676100
2019-10-14,43.869998931884766,44.20000076293945,43.5099983215332,44.150001525878906,40.71095657348633,1044200
2019-10-15,44.41999816894531,45.27000045776367,44.060001373291016,44.7599983215332,41.273433685302734,1525100
2019-10-16,44.880001068115234,45.09000015258789,44.45000076293945,44.65999984741211,41.18122482299805,1970100
2019-10-17,44.95000076293945,44.959999084472656,43.9900016784668,44.040000915527344,40.609519958496094,2441100
2019-10-18,44.11000061035156,44.86000061035156,43.83000183105469,44.720001220703125,41.236549377441406,3451800
2019-10-21,45.189998626708984,45.689998626708984,45.0,45.66999816894531,42.112548828125,2781300
2019-10-22,48.5,48.900001525878906,46.810001373291016,48.08000183105469,44.3348274230957,5290300
2019-10-23,48.040000915527344,48.380001068115234,47.279998779296875,47.939998626708984,44.20572280883789,1964500
2019-10-24,47.959999084472656,48.040000915527344,47.40999984741211,47.5099983215332,43.80922317504883,1532500
2019-10-25,47.459999084472656,48.369998931884766,47.43000030517578,47.95000076293945,44.21495056152344,1572200
2019-10-28,48.18000030517578,48.97999954223633,48.04999923706055,48.79999923706055,44.998741149902344,1961900
2019-10-29,48.58000183105469,49.5099983215332,48.58000183105469,49.380001068115234,45.533565521240234,2419800
2019-10-30,49.279998779296875,49.599998474121094,48.7599983215332,49.220001220703125,45.38602828979492,2003500
2019-10-31,48.83000183105469,49.06999969482422,47.97999954223633,48.470001220703125,44.69445037841797,1898200
2019-11-01,48.91999816894531,49.349998474121094,48.68000030517578,49.349998474121094,45.50589370727539,1669300
2019-11-04,49.91999816894531,50.380001068115234,49.599998474121094,50.209999084472656,46.29890441894531,1949000
2019-11-05,50.310001373291016,51.08000183105469,50.290000915527344,50.709999084472656,46.75996398925781,9683300
2019-11-06,50.5099983215332,50.58000183105469,49.86000061035156,50.369998931884766,46.44643783569336,3335600
2019-11-07,50.61000061035156,51.54999923706055,50.52000045776367,51.040000915527344,47.06425857543945,2931500
2019-11-08,50.7400016784668,51.34000015258789,50.61000061035156,51.06999969482422,47.09191131591797,3922400
2019-11-11,50.63999938964844,51.099998474121094,50.52000045776367,50.97999954223633,47.00893020629883,1471600
2019-11-12,51.0099983215332,51.060001373291016,50.5,50.720001220703125,46.76918029785156,1883100
2019-11-13,49.81999969482422,50.0,49.369998931884766,49.630001068115234,46.07293701171875,1784600
2019-11-14,49.36000061035156,49.540000915527344,49.02000045776367,49.5,45.952247619628906,1804300
2019-11-15,49.619998931884766,49.790000915527344,49.47999954223633,49.54999923706055,45.9986686706543,1282500
2019-11-18,49.56999969482422,49.56999969482422,49.040000915527344,49.310001373291016,45.77587127685547,1509100
2019-11-19,49.5099983215332,49.709999084472656,49.2599983215332,49.29999923706055,45.7665901184082,1341600
2019-11-20,48.900001525878906,49.220001220703125,48.540000915527344,48.88999938964844,45.3859748840332,2294400
2019-11-21,49.09000015258789,49.29999923706055,48.529998779296875,49.13999938964844,45.61805725097656,1735000
2019-11-22,49.08000183105469,50.16999816894531,49.08000183105469,49.959999084472656,46.37928771972656,2589400
2019-11-25,50.15999984741211,50.439998626708984,49.79999923706055,50.16999816894531,46.57423400878906,1454400
2019-11-26,50.0,50.0,49.56999969482422,49.65999984741211,46.10078430175781,1238900
2019-11-27,49.93000030517578,50.13999938964844,49.75,50.06999969482422,46.48140335083008,1097500
2019-11-29,49.939998626708984,50.11000061035156,49.70000076293945,49.779998779296875,46.21218490600586,520600
2019-12-02,50.20000076293945,50.310001373291016,49.43000030517578,49.5,45.952247619628906,1243700
2019-12-03,48.75,49.0,48.029998779296875,48.56999969482422,45.08890151977539,1416100
2019-12-04,48.790000915527344,49.380001068115234,48.63999938964844,49.11000061035156,45.590206146240234,1130100
2019-12-05,49.439998626708984,49.56999969482422,49.04999923706055,49.29999923706055,45.7665901184082,1271600
2019-12-06,50.029998779296875,50.470001220703125,49.689998626708984,49.709999084472656,46.14720153808594,1805000
2019-12-09,49.720001220703125,49.84000015258789,49.529998779296875,49.65999984741211,46.10078430175781,1170800
2019-12-10,49.66999816894531,50.09000015258789,49.369998931884766,49.90999984741211,46.33287048339844,1463500
2019-12-11,50.04999923706055,50.25,49.61000061035156,49.84000015258789,46.26789474487305,1156900
2019-12-12,49.959999084472656,51.86000061035156,49.900001525878906,51.810001373291016,48.0966911315918,2483200
2019-12-13,51.720001220703125,52.0,50.88999938964844,51.150001525878906,47.48400115966797,1243400
2019-12-16,51.59000015258789,51.97999954223633,51.150001525878906,51.189998626708984,47.5211296081543,4604400
2019-12-17,51.02000045776367,51.689998626708984,50.90999984741211,51.5099983215332,47.81819152832031,2093900
2019-12-18,51.599998474121094,51.72999954223633,51.06999969482422,51.349998474121094,47.66966247558594,1539100
2019-12-19,51.34000015258789,51.599998474121094,51.22999954223633,51.4900016784668,47.79963302612305,1518300
2019-12-20,51.77000045776367,51.970001220703125,51.290000915527344,51.630001068115234,47.929595947265625,5758400
2019-12-23,51.68000030517578,51.7400016784668,51.220001220703125,51.34000015258789,47.66038513183594,938000
2019-12-24,51.54999923706055,51.59000015258789,51.290000915527344,51.529998779296875,47.83675765991211,312600
2019-12-26,51.47999954223633,51.709999084472656,50.5099983215332,51.65999984741211,47.95744323730469,586400
2019-12-27,51.86000061035156,51.86000061035156,51.36000061035156,51.5,47.80891036987305,921600
2019-12-30,51.810001373291016,52.08000183105469,51.29999923706055,51.77000045776367,48.05955505371094,1511600
2019-12-31,51.61000061035156,52.040000915527344,51.61000061035156,51.91999816894531,48.19881057739258,1246900
2020-01-02,52.36000061035156,52.47999954223633,51.790000915527344,52.439998626708984,48.68153381347656,1528700
2020-01-03,51.40999984741211,51.88999938964844,51.15999984741211,51.70000076293945,47.99457550048828,1215800
2020-01-06,51.08000183105469,51.68000030517578,50.810001373291016,51.06999969482422,47.40972900390625,1217500
2020-01-07,50.790000915527344,51.130001068115234,50.61000061035156,50.7599983215332,47.121944427490234,1450900
2020-01-08,50.900001525878906,51.4900016784668,50.72999954223633,51.2599983215332,47.586116790771484,2396000
2020-01-09,51.59000015258789,51.65999984741211,51.220001220703125,51.599998474121094,47.9017448425293,1384200
2020-01-10,51.54999923706055,51.54999923706055,50.61000061035156,50.66999816894531,47.03839874267578,1724700
2020-01-13,50.88999938964844,51.04999923706055,50.459999084472656,51.02000045776367,47.363319396972656,2454700
2020-01-14,50.9900016784668,51.63999938964844,50.7599983215332,51.41999816894531,47.734649658203125,1252700
2020-01-15,50.86000061035156,50.86000061035156,50.119998931884766,50.369998931884766,46.7598991394043,2017200
2020-01-16,50.709999084472656,51.2400016784668,50.4900016784668,50.7400016784668,47.1033821105957,1800100
2020-01-17,50.91999816894531,51.209999084472656,50.5,50.7400016784668,47.1033821105957,1835000
2020-01-21,50.58000183105469,50.58000183105469,49.849998474121094,49.900001525878906,46.32358169555664,3193600
2020-01-22,47.65999984741211,48.560001373291016,47.189998626708984,47.84000015258789,44.41122817993164,4964000
2020-01-23,47.72999954223633,47.9900016784668,47.25,47.790000915527344,44.36480712890625,3236300
2020-01-24,47.880001068115234,47.880001068115234,46.2400016784668,46.630001068115234,43.28795623779297,2591400
2020-01-27,45.779998779296875,46.689998626708984,45.61000061035156,46.459999084472656,43.1301383972168,3088200
2020-01-28,47.0,47.40999984741211,46.68000030517578,47.09000015258789,43.71498107910156,2034600
2020-01-29,47.16999816894531,47.43000030517578,46.33000183105469,46.369998931884766,43.04658126831055,1681600
2020-01-30,46.130001068115234,46.810001373291016,45.709999084472656,46.7599983215332,43.408626556396484,1318100
2020-01-31,46.290000915527344,46.34000015258789,45.400001525878906,45.4900016784668,42.22965621948242,1880800
2020-02-03,45.849998474121094,46.33000183105469,45.619998931884766,46.11000061035156,42.80522155761719,2642600
2020-02-04,46.75,47.29999923706055,46.59000015258789,46.68000030517578,43.33436584472656,2292300
2020-02-05,47.2400016784668,48.15999984741211,47.16999816894531,48.0099983215332,44.56904602050781,2326100
2020-02-06,48.209999084472656,48.40999984741211,46.939998626708984,47.0099983215332,43.640716552734375,2144200
2020-02-07,46.84000015258789,46.84000015258789,45.95000076293945,46.22999954223633,42.916622161865234,2611800
2020-02-10,45.70000076293945,46.029998779296875,45.290000915527344,45.650001525878906,42.3781852722168,2411600
2020-02-11,45.81999969482422,46.810001373291016,45.72999954223633,46.279998779296875,42.963035583496094,2381100
2020-02-12,46.119998931884766,46.54999923706055,45.869998931884766,46.11000061035156,43.12202072143555,1434900
2020-02-13,45.7400016784668,46.4900016784668,45.720001220703125,46.439998626708984,43.43063735961914,1293400
2020-02-14,46.20000076293945,46.5,46.13999938964844,46.2599983215332,43.262298583984375,1147600
2020-02-18,46.02000045776367,46.209999084472656,44.9900016784668,45.09000015258789,42.16811752319336,2467800
2020-02-19,45.27000045776367,45.86000061035156,45.09000015258789,45.810001373291016,42.84145736694336,1655300
2020-02-20,45.630001068115234,46.41999816894531,45.630001068115234,46.25,43.25294876098633,1973900
2020-02-21,45.79999923706055,46.040000915527344,45.0099983215332,45.43000030517578,42.486080169677734,2009900
2020-02-24,44.209999084472656,44.56999969482422,43.279998779296875,43.7599983215332,40.92430114746094,2329900
2020-02-25,43.90999984741211,44.529998779296875,42.2400016784668,42.380001068115234,39.633731842041016,2790700
2020-02-26,42.790000915527344,42.93000030517578,41.650001525878906,41.81999969482422,39.11001205444336,2394300
2020-02-27,40.95000076293945,42.22999954223633,40.2400016784668,40.59000015258789,37.959720611572266,2469500
2020-02-28,39.22999954223633,40.720001220703125,39.099998474121094,39.95000076293945,37.36119842529297,4248000
2020-03-02,39.66999816894531,41.310001373291016,38.81999969482422,41.29999923706055,38.623714447021484,5006700
2020-03-03,40.97999954223633,41.34000015258789,38.52000045776367,38.900001525878906,36.37923812866211,3920700
2020-03-04,39.29999923706055,39.29999923706055,37.58000183105469,38.47999954223633,35.98645782470703,4440500
2020-03-05,37.439998626708984,37.439998626708984,35.83000183105469,36.099998474121094,33.76068115234375,5762900
2020-03-06,34.439998626708984,36.189998626708984,34.209999084472656,35.279998779296875,32.993812561035156,5930900
2020-03-09,33.0,33.369998931884766,30.81999969482422,31.030000686645508,29.019222259521484,9843600
2020-03-10,32.400001525878906,32.66999816894531,30.75,32.2400016784668,30.15081024169922,4999100
2020-03-11,31.229999542236328,31.690000534057617,29.600000381469727,29.950000762939453,28.00920867919922,7693300
2020-03-12,27.829999923706055,29.8700008392334,27.229999542236328,27.600000381469727,25.81148910522461,9309100
2020-03-13,29.510000228881836,29.84000015258789,27.670000076293945,29.420000076293945,27.5135498046875,10178300
2020-03-16,25.889999389648438,28.690000534057617,25.270000457763672,26.559999465942383,24.838882446289062,6062100
2020-03-17,27.309999465942383,28.489999771118164,25.860000610351562,28.049999237060547,26.232328414916992,5471200
2020-03-18,26.260000228881836,28.31999969482422,25.850000381469727,27.469999313354492,25.68991470336914,6266800
2020-03-19,26.90999984741211,28.020000457763672,26.110000610351562,27.25,25.484167098999023,5534600
2020-03-20,27.3700008392334,27.65999984741211,25.399999618530273,25.579999923706055,23.922386169433594,6262000
2020-03-23,25.899999618530273,26.049999237060547,23.579999923706055,24.079999923706055,22.519588470458984,6227600
2020-03-24,25.239999771118164,25.760000228881836,24.459999084472656,25.18000030517578,23.548307418823242,5638100
2020-03-25,25.399999618530273,26.719999313354492,24.639999389648438,25.850000381469727,24.174890518188477,7585400
2020-03-26,25.950000762939453,27.510000228881836,25.950000762939453,27.3700008392334,25.596393585205078,5722200
2020-03-27,26.450000762939453,28.260000228881836,26.350000381469727,27.579999923706055,25.792783737182617,4017800
2020-03-30,27.540000915527344,27.780000686645508,26.729999542236328,27.520000457763672,25.73667335510254,4279700
2020-03-31,27.229999542236328,27.520000457763672,26.510000228881836,26.760000228881836,25.025920867919922,3945900
2020-04-01,25.8700008392334,26.290000915527344,25.020000457763672,25.31999969482422,23.679235458374023,3837200
2020-04-02,25.0,26.600000381469727,25.0,25.389999389648438,23.744699478149414,2672100
2020-04-03,25.209999084472656,26.010000228881836,24.40999984741211,24.68000030517578,23.080707550048828,2785100
2020-04-06,25.739999771118164,27.09000015258789,25.56999969482422,26.93000030517578,25.184906005859375,3579700
2020-04-07,28.100000381469727,29.280000686645508,27.790000915527344,28.040000915527344,26.22297477722168,4383300
2020-04-08,28.239999771118164,29.56999969482422,27.989999771118164,29.440000534057617,27.532257080078125,3181400
2020-04-09,30.0,31.09000015258789,29.84000015258789,31.0,28.99116325378418,5445500
2020-04-13,30.809999465942383,30.989999771118164,29.700000762939453,30.079999923706055,28.130781173706055,3218900
2020-04-14,30.56999969482422,30.93000030517578,29.1200008392334,29.540000915527344,27.62577247619629,3253900
2020-04-15,28.360000610351562,28.700000762939453,27.90999984741211,28.010000228881836,26.194921493530273,4055100
2020-04-16,27.8700008392334,27.920000076293945,26.6200008392334,26.940000534057617,25.194257736206055,4420900
2020-04-17,28.010000228881836,29.190000534057617,27.81999969482422,29.079999923706055,27.19558334350586,3782800
2020-04-20,28.649999618530273,29.899999618530273,28.020000457763672,29.270000457763672,27.373268127441406,3178600
2020-04-21,28.43000030517578,29.420000076293945,27.920000076293945,28.649999618530273,26.793447494506836,3716200
2020-04-22,29.229999542236328,29.5,28.520000457763672,28.899999618530273,27.027246475219727,2313200
2020-04-23,29.229999542236328,29.8700008392334,29.049999237060547,29.190000534057617,27.298452377319336,2443500
2020-04-24,29.399999618530273,29.739999771118164,28.760000228881836,29.459999084472656,27.55095672607422,3075200
2020-04-27,29.729999542236328,31.1200008392334,29.510000228881836,30.790000915527344,28.79477310180664,3588700
2020-04-28,31.420000076293945,31.81999969482422,31.049999237060547,31.329999923706055,29.299781799316406,3669500
2020-04-29,32.0099983215332,32.84000015258789,31.739999771118164,32.13999938964844,30.057292938232422,4516300
2020-04-30,31.5,32.029998779296875,31.18000030517578,31.610000610351562,29.561635971069336,2726900
2020-05-01,31.25,31.600000381469727,30.530000686645508,30.899999618530273,28.89764404296875,4477600
2020-05-04,30.520000457763672,30.860000610351562,30.18000030517578,30.670000076293945,28.68255043029785,3109600
2020-05-05,31.110000610351562,31.389999389648438,30.149999618530273,30.18000030517578,28.224302291870117,3344100
2020-05-06,30.510000228881836,30.600000381469727,29.489999771118164,29.8799991607666,27.943742752075195,3038700
2020-05-07,29.90999984741211,30.709999084472656,29.459999084472656,29.56999969482422,27.972122192382812,2763500
2020-05-08,30.280000686645508,30.84000015258789,29.950000762939453,30.719999313354492,29.059978485107422,2618300
2020-05-11,30.3700008392334,30.43000030517578,29.200000762939453,29.209999084472656,27.631572723388672,2221700
2020-05-12,29.350000381469727,29.440000534057617,27.770000457763672,27.829999923706055,26.32614517211914,2498300
2020-05-13,27.540000915527344,27.649999618530273,25.84000015258789,26.309999465942383,24.888282775878906,2770000
2020-05-14,25.610000610351562,27.690000534057617,25.06999969482422,27.540000915527344,26.05181312561035,3819800
2020-05-15,27.420000076293945,27.6200008392334,26.809999465942383,27.020000457763672,25.55991554260254,2205200
2020-05-18,28.079999923706055,30.3799991607666,28.079999923706055,30.239999771118164,28.60591697692871,2856100
2020-05-19,29.93000030517578,30.079999923706055,29.020000457763672,29.219999313354492,27.641033172607422,2383500
2020-05-20,30.520000457763672,31.489999771118164,30.200000762939453,31.1200008392334,29.438364028930664,3791500
2020-05-21,30.84000015258789,31.68000030517578,30.6200008392334,30.729999542236328,29.06943702697754,2854200
2020-05-22,30.889999389648438,31.100000381469727,29.899999618530273,30.190000534057617,28.558618545532227,2111700
2020-05-26,31.559999465942383,33.5,31.530000686645508,32.93000030517578,31.150554656982422,3348000
2020-05-27,34.65999984741211,35.189998626708984,33.4900016784668,35.08000183105469,33.18437957763672,3103100
2020-05-28,35.310001373291016,35.310001373291016,33.70000076293945,34.02000045776367,32.1816520690918,3302200
2020-05-29,33.209999084472656,33.900001525878906,32.869998931884766,32.90999984741211,31.131637573242188,4209400
2020-06-01,33.15999984741211,33.91999816894531,32.77000045776367,33.41999816894531,31.61407470703125,1559500
2020-06-02,34.0,34.34000015258789,33.150001525878906,33.45000076293945,31.642459869384766,1810900
2020-06-03,34.33000183105469,35.720001220703125,34.11000061035156,35.4900016784668,33.57221603393555,2201100
2020-06-04,35.40999984741211,37.22999954223633,34.93000030517578,37.22999954223633,35.21819305419922,2386000
2020-06-05,40.40999984741211,40.970001220703125,38.31999969482422,38.61000061035156,36.523624420166016,3206600
2020-06-08,39.91999816894531,40.70000076293945,39.2400016784668,40.56999969482422,38.377708435058594,2572600
2020-06-09,39.16999816894531,39.599998474121094,38.31999969482422,39.310001373291016,37.1858024597168,2842600
2020-06-10,38.7599983215332,38.970001220703125,36.75,36.7599983215332,34.773590087890625,3287200
2020-06-11,34.7400016784668,35.040000915527344,33.560001373291016,33.66999816894531,31.850566864013672,3902800
2020-06-12,34.9900016784668,35.34000015258789,33.59000015258789,34.880001068115234,32.995182037353516,3695200
2020-06-15,33.38999938964844,36.310001373291016,33.25,36.099998474121094,34.149261474609375,2985700
2020-06-16,37.70000076293945,37.939998626708984,35.970001220703125,36.970001220703125,34.97224426269531,2628000
2020-06-17,37.060001373291016,37.22999954223633,35.880001068115234,35.93000030517578,33.988441467285156,1974300
2020-06-18,35.209999084472656,36.65999984741211,35.02000045776367,36.130001068115234,34.17763900756836,2270800
2020-06-19,36.88999938964844,36.88999938964844,35.09000015258789,36.08000183105469,34.13033676147461,6586900
2020-06-22,35.91999816894531,36.290000915527344,35.2599983215332,35.7400016784668,33.8087158203125,1745900
2020-06-23,36.38999938964844,36.7400016784668,35.459999084472656,35.47999954223633,33.56276321411133,1626300
2020-06-24,35.0,35.0,33.18000030517578,33.220001220703125,31.42488670349121,2875700
2020-06-25,32.90999984741211,34.400001525878906,32.90999984741211,34.25,32.39923095703125,1668700
2020-06-26,33.54999923706055,33.61000061035156,32.209999084472656,32.290000915527344,30.54513931274414,2411700
2020-06-29,32.93000030517578,33.5099983215332,32.52000045776367,33.04999923706055,31.26407241821289,1533500
2020-06-30,33.0099983215332,34.25,32.810001373291016,34.0,32.16273498535156,1592200
2020-07-01,33.93000030517578,34.060001373291016,32.47999954223633,32.54999923706055,30.791088104248047,1365700
2020-07-02,33.31999969482422,33.810001373291016,32.2599983215332,32.40999984741211,30.658655166625977,1605900
2020-07-06,33.220001220703125,33.779998779296875,32.459999084472656,32.900001525878906,31.122182846069336,1263600
2020-07-07,32.380001068115234,32.88999938964844,31.420000076293945,31.540000915527344,29.835664749145508,1758400
2020-07-08,31.3799991607666,32.02000045776367,30.940000534057617,31.68000030517578,29.968101501464844,2125100
2020-07-09,31.290000915527344,31.600000381469727,30.1200008392334,30.440000534057617,28.795108795166016,1783900
2020-07-10,30.3700008392334,32.22999954223633,30.329999923706055,32.209999084472656,30.469463348388672,1652800
2020-07-13,32.7599983215332,33.2599983215332,31.75,32.880001068115234,31.10325813293457,2348200
2020-07-14,32.86000061035156,32.93000030517578,31.670000076293945,32.02000045776367,30.289730072021484,1944700
2020-07-15,32.72999954223633,33.70000076293945,32.459999084472656,33.529998779296875,31.718135833740234,1611800
2020-07-16,33.13999938964844,34.13999938964844,32.90999984741211,33.38999938964844,31.5856990814209,1162400
2020-07-17,33.2400016784668,33.650001525878906,32.459999084472656,32.560001373291016,30.800546646118164,2325300
2020-07-20,32.34000015258789,32.529998779296875,31.6299991607666,32.02000045776367,30.289730072021484,2314700
2020-07-21,31.899999618530273,33.880001068115234,31.709999084472656,33.7400016784668,31.916784286499023,3300900
2020-07-22,33.290000915527344,33.779998779296875,32.9900016784668,33.279998779296875,31.481637954711914,1909200
2020-07-23,33.400001525878906,34.290000915527344,33.279998779296875,34.02000045776367,32.1816520690918,1574600
2020-07-24,34.25,34.4900016784668,33.619998931884766,33.630001068115234,31.812726974487305,1520100
2020-07-27,33.38999938964844,33.5,32.369998931884766,32.40999984741211,30.658655166625977,1470800
2020-07-28,32.31999969482422,32.75,32.189998626708984,32.2599983215332,30.516759872436523,1196500
2020-07-29,32.130001068115234,33.41999816894531,31.860000610351562,33.369998931884766,31.566781997680664,1866100
2020-07-30,32.709999084472656,32.810001373291016,31.670000076293945,32.779998779296875,31.0086612701416,1336000
2020-07-31,32.599998474121094,32.689998626708984,31.940000534057617,32.470001220703125,30.71541404724121,1442500
2020-08-03,32.599998474121094,32.7400016784668,32.040000915527344,32.45000076293945,30.696495056152344,1555400
2020-08-04,32.27000045776367,32.47999954223633,31.920000076293945,32.22999954223633,30.488380432128906,1095400
2020-08-05,32.61000061035156,33.130001068115234,32.400001525878906,33.06999969482422,31.282987594604492,1402400
2020-08-06,32.75,33.04999923706055,32.34000015258789,32.56999969482422,30.810009002685547,1130200
2020-08-07,32.31999969482422,33.790000915527344,32.02000045776367,33.790000915527344,31.96408462524414,1032800
2020-08-10,33.970001220703125,35.08000183105469,33.90999984741211,34.70000076293945,32.82490921020508,1694000
2020-08-11,35.52000045776367,36.5099983215332,35.189998626708984,35.38999938964844,33.477622985839844,1696700
2020-08-12,35.61000061035156,35.7599983215332,33.91999816894531,34.689998626708984,33.13377380371094,1489900
2020-08-13,34.22999954223633,35.0,33.9900016784668,34.2599983215332,32.72306442260742,867500
2020-08-14,33.81999969482422,34.939998626708984,33.779998779296875,34.4900016784668,32.94274139404297,836700
2020-08-17,34.209999084472656,34.380001068115234,33.65999984741211,33.880001068115234,32.360111236572266,1283700
2020-08-18,33.880001068115234,34.2400016784668,32.68000030517578,32.7400016784668,31.27125358581543,1209700
2020-08-19,32.939998626708984,33.470001220703125,32.61000061035156,32.90999984741211,31.433629989624023,1691800
2020-08-20,32.45000076293945,32.599998474121094,31.8799991607666,32.130001068115234,30.688617706298828,1379700
2020-08-21,32.08000183105469,32.33000183105469,31.329999923706055,31.59000015258789,30.1728458404541,2072400
2020-08-24,31.709999084472656,33.060001373291016,31.540000915527344,33.040000915527344,31.55780029296875,1651300
2020-08-25,33.439998626708984,33.81999969482422,32.540000915527344,33.060001373291016,31.57689666748047,1395600
2020-08-26,33.16999816894531,33.16999816894531,32.27000045776367,32.279998779296875,30.831892013549805,1082000
2020-08-27,32.33000183105469,33.58000183105469,32.310001373291016,33.290000915527344,31.79657745361328,1866300
2020-08-28,33.34000015258789,33.5,32.7599983215332,33.02000045776367,31.538694381713867,1423700
2020-08-31,33.060001373291016,33.060001373291016,32.119998931884766,32.15999984741211,30.717273712158203,1905700
2020-09-01,31.860000610351562,32.779998779296875,31.600000381469727,32.189998626708984,30.745927810668945,1583700
2020-09-02,32.130001068115234,32.599998474121094,31.709999084472656,32.38999938964844,30.936952590942383,1567700
2020-09-03,32.689998626708984,33.939998626708984,32.310001373291016,32.4900016784668,31.032468795776367,2044900
2020-09-04,33.54999923706055,33.970001220703125,32.810001373291016,33.68000030517578,32.16908645629883,1913700
2020-09-08,33.150001525878906,33.439998626708984,31.809999465942383,32.220001220703125,30.77458381652832,2326700
2020-09-09,32.65999984741211,32.65999984741211,31.809999465942383,32.119998931884766,30.679065704345703,1364600
2020-09-10,32.400001525878906,32.66999816894531,31.059999465942383,31.1200008392334,29.72393035888672,1693500
2020-09-11,31.079999923706055,31.549999237060547,30.850000381469727,31.489999771118164,30.077329635620117,1256100
2020-09-14,31.56999969482422,32.66999816894531,31.56999969482422,32.27000045776367,30.822338104248047,1013700
2020-09-15,32.2400016784668,32.2400016784668,31.100000381469727,31.15999984741211,29.76213264465332,1564900
2020-09-16,31.1299991607666,32.369998931884766,30.799999237060547,31.809999465942383,30.38297462463379,1801600
2020-09-17,31.3700008392334,31.850000381469727,31.239999771118164,31.520000457763672,30.10598373413086,1138300
2020-09-18,31.280000686645508,31.75,31.030000686645508,31.420000076293945,30.010467529296875,2507800
2020-09-21,30.690000534057617,30.950000762939453,29.489999771118164,29.809999465942383,28.47269630432129,1536100
2020-09-22,29.65999984741211,30.110000610351562,28.510000228881836,28.6200008392334,27.33608055114746,1860300
2020-09-23,28.780000686645508,29.389999389648438,28.190000534057617,28.25,26.98267936706543,1524500
2020-09-24,28.270000457763672,28.8799991607666,27.68000030517578,28.219999313354492,26.954025268554688,1255400
2020-09-25,27.81999969482422,28.540000915527344,27.549999237060547,28.450000762939453,27.173709869384766,1546600
2020-09-28,28.989999771118164,29.639999389648438,28.829999923706055,29.3799991607666,28.06198501586914,1478700
2020-09-29,29.219999313354492,29.559999465942383,28.540000915527344,28.969999313354492,27.670377731323242,1437200
2020-09-30,29.079999923706055,29.56999969482422,28.8700008392334,29.219999313354492,27.909160614013672,1911600
2020-10-01,29.219999313354492,29.56999969482422,28.790000915527344,29.1200008392334,27.813650131225586,1515200
2020-10-02,28.760000228881836,29.959999084472656,28.56999969482422,29.850000381469727,28.510902404785156,3176100
2020-10-05,30.389999389648438,31.489999771118164,30.389999389648438,31.280000686645508,29.876750946044922,1567900
2020-10-06,31.65999984741211,32.34000015258789,30.809999465942383,30.899999618530273,29.513795852661133,1621700
2020-10-07,31.270000457763672,32.27000045776367,31.270000457763672,32.150001525878906,30.70772361755371,1319000
2020-10-08,32.22999954223633,32.33000183105469,31.6299991607666,32.13999938964844,30.69816780090332,992400
2020-10-09,32.31999969482422,32.5,31.469999313354492,31.579999923706055,30.163291931152344,910200
2020-10-12,31.540000915527344,31.899999618530273,31.420000076293945,31.829999923706055,30.402076721191406,980500
2020-10-13,31.600000381469727,31.670000076293945,30.510000228881836,30.530000686645508,29.160396575927734,1123200
2020-10-14,30.65999984741211,31.0,30.209999084472656,30.229999542236328,28.87385368347168,1348800
2020-10-15,29.829999923706055,31.18000030517578,29.829999923706055,31.170000076293945,29.771684646606445,1852700
2020-10-16,31.100000381469727,31.329999923706055,30.459999084472656,31.139999389648438,29.74302864074707,1831200
2020-10-19,31.360000610351562,31.520000457763672,30.219999313354492,30.219999313354492,28.864299774169922,1515600
2020-10-20,31.579999923706055,31.579999923706055,30.010000228881836,30.520000457763672,29.150846481323242,2618700
2020-10-21,30.329999923706055,31.110000610351562,30.040000915527344,30.059999465942383,28.71147918701172,1875900
2020-10-22,30.25,32.349998474121094,30.059999465942383,32.25,30.803234100341797,2436700
2020-10-23,32.61000061035156,33.31999969482422,32.029998779296875,33.20000076293945,31.710615158081055,3093000
2020-10-26,32.88999938964844,32.88999938964844,32.0,32.459999084472656,31.003816604614258,2216400
2020-10-27,32.119998931884766,32.630001068115234,31.079999923706055,31.079999923706055,29.68572425842285,1786100
2020-10-28,30.290000915527344,31.139999389648438,30.270000457763672,30.600000381469727,29.227258682250977,1982000
2020-10-29,30.34000015258789,31.719999313354492,29.829999923706055,31.559999465942383,30.144189834594727,1885900
2020-10-30,31.329999923706055,32.310001373291016,31.239999771118164,32.27000045776367,30.822338104248047,1732100
2020-11-02,32.720001220703125,33.349998474121094,31.90999984741211,33.220001220703125,31.729719161987305,1210900
2020-11-03,33.619998931884766,34.70000076293945,33.529998779296875,34.459999084472656,32.91408920288086,1876800
2020-11-04,32.34000015258789,32.84000015258789,30.610000610351562,30.940000534057617,29.552001953125,4176300
2020-11-05,31.149999618530273,32.810001373291016,31.100000381469727,32.58000183105469,31.118431091308594,2332900
2020-11-06,32.91999816894531,33.209999084472656,31.719999313354492,31.950000762939453,30.516695022583008,1756000
2020-11-09,35.0,40.900001525878906,34.959999084472656,39.58000183105469,37.804405212402344,5289500
2020-11-10,39.630001068115234,39.880001068115234,38.459999084472656,38.97999954223633,37.553916931152344,2506200
2020-11-11,38.779998779296875,39.0,36.4900016784668,37.2400016784668,35.87758255004883,2713900
2020-11-12,36.2400016784668,36.939998626708984,35.7400016784668,36.33000183105469,35.00087356567383,1748400
2020-11-13,36.75,37.790000915527344,36.349998474121094,37.47999954223633,36.108795166015625,1486400
2020-11-16,40.34000015258789,40.779998779296875,38.90999984741211,39.75,38.29574966430664,2138000
2020-11-17,38.7400016784668,39.709999084472656,38.439998626708984,39.599998474121094,38.15123748779297,1812900
2020-11-18,39.959999084472656,40.13999938964844,38.93000030517578,38.939998626708984,37.515377044677734,1552500
2020-11-19,38.349998474121094,38.70000076293945,37.720001220703125,38.38999938964844,36.985504150390625,1993500
2020-11-20,38.0099983215332,38.540000915527344,37.66999816894531,38.279998779296875,36.8795280456543,2011400
2020-11-23,38.95000076293945,39.63999938964844,38.720001220703125,39.560001373291016,38.11269760131836,1872500
2020-11-24,40.439998626708984,42.2400016784668,40.060001373291016,41.86000061035156,40.328548431396484,2578600
2020-11-25,40.880001068115234,41.04999923706055,40.310001373291016,40.95000076293945,39.451847076416016,2633900
2020-11-27,40.439998626708984,41.02000045776367,39.29999923706055,39.459999084472656,38.016361236572266,2027900
2020-11-30,39.36000061035156,39.79999923706055,38.439998626708984,38.59000015258789,37.178184509277344,12464100
2020-12-01,39.529998779296875,40.15999984741211,39.040000915527344,40.06999969482422,38.60403823852539,2455800
2020-12-02,40.0,41.650001525878906,39.959999084472656,41.599998474121094,40.07806396484375,3058500
2020-12-03,41.77000045776367,42.75,41.5099983215332,42.41999816894531,40.86806106567383,2379800
2020-12-04,44.150001525878906,44.29999923706055,43.0,44.02000045776367,42.40952682495117,2967900
2020-12-07,43.939998626708984,43.939998626708984,42.83000183105469,42.90999984741211,41.34014129638672,1731200
2020-12-08,41.900001525878906,43.189998626708984,41.810001373291016,42.959999084472656,41.388309478759766,1507600
2020-12-09,43.439998626708984,43.849998474121094,42.630001068115234,42.720001220703125,41.15708923339844,1662200
2020-12-10,42.16999816894531,42.880001068115234,41.900001525878906,42.63999938964844,41.080013275146484,1051400
2020-12-11,41.380001068115234,42.11000061035156,41.27000045776367,41.68000030517578,40.1551399230957,1673200
2020-12-14,42.5099983215332,42.58000183105469,40.689998626708984,40.709999084472656,39.22062301635742,1531300
2020-12-15,41.2400016784668,41.619998931884766,40.540000915527344,41.61000061035156,40.087703704833984,1477600
2020-12-16,41.619998931884766,42.040000915527344,41.150001525878906,41.869998931884766,40.33818817138672,1681600
2020-12-17,41.91999816894531,42.220001220703125,41.11000061035156,41.869998931884766,40.33818817138672,1435000
2020-12-18,41.619998931884766,41.86000061035156,40.7599983215332,41.08000183105469,39.57708740234375,3031000
2020-12-21,41.2599983215332,42.560001373291016,40.880001068115234,42.43000030517578,40.87770462036133,2265100
2020-12-22,42.5099983215332,42.86000061035156,42.029998779296875,42.040000915527344,40.50196838378906,1077800
2020-12-23,42.290000915527344,43.70000076293945,42.290000915527344,43.5099983215332,41.91818618774414,706800
2020-12-24,43.619998931884766,43.619998931884766,42.65999984741211,43.34000015258789,41.75440979003906,327700
2020-12-28,43.65999984741211,44.13999938964844,43.2599983215332,43.36000061035156,41.77367401123047,835600
2020-12-29,43.38999938964844,43.38999938964844,42.619998931884766,42.77000045776367,41.20526123046875,1084100
2020-12-30,42.77000045776367,43.470001220703125,42.77000045776367,43.220001220703125,41.638797760009766,728400
2020-12-31,43.20000076293945,43.619998931884766,42.7400016784668,43.439998626708984,41.850746154785156,736300
2021-01-04,43.08000183105469,43.61000061035156,42.119998931884766,42.93000030517578,41.359405517578125,1625200
2021-01-05,42.880001068115234,43.849998474121094,42.540000915527344,43.61000061035156,42.014530181884766,1349500
2021-01-06,45.810001373291016,49.040000915527344,45.34000015258789,48.5099983215332,46.73525619506836,3269500
2021-01-07,49.2400016784668,51.099998474121094,48.95000076293945,49.9900016784668,48.1611213684082,2333900
2021-01-08,49.91999816894531,49.91999816894531,47.63999938964844,48.720001220703125,46.937583923339844,2201000
2021-01-11,48.2599983215332,49.959999084472656,47.61000061035156,49.869998931884766,48.04550552368164,1082800
2021-01-12,50.0,51.15999984741211,49.0,50.36000061035156,48.517574310302734,1352100
2021-01-13,49.97999954223633,50.27000045776367,49.25,49.790000915527344,47.96843719482422,1011800
2021-01-14,50.5099983215332,51.220001220703125,50.09000015258789,50.91999816894531,49.05708694458008,1067600
2021-01-15,49.97999954223633,50.45000076293945,48.84000015258789,49.13999938964844,47.34221267700195,1450900
2021-01-19,49.209999084472656,49.540000915527344,48.599998474121094,49.33000183105469,47.5252685546875,1574800
2021-01-20,49.5,49.5,47.75,48.29999923706055,46.5329475402832,2056400
2021-01-21,48.599998474121094,49.0,47.29999923706055,47.38999938964844,45.6562385559082,1252800
2021-01-22,46.709999084472656,48.15999984741211,46.61000061035156,48.119998931884766,46.35953140258789,1514500
2021-01-25,47.470001220703125,47.790000915527344,46.25,47.209999084472656,45.48281478881836,1281900
2021-01-26,47.790000915527344,47.81999969482422,46.029998779296875,46.04999923706055,44.36526107788086,1413200
2021-01-27,44.66999816894531,45.099998474121094,43.720001220703125,43.810001373291016,42.20721435546875,2091800
2021-01-28,44.72999954223633,45.5,44.27000045776367,45.16999816894531,43.5174560546875,1608300
2021-01-29,45.290000915527344,45.540000915527344,43.63999938964844,44.13999938964844,42.52513885498047,1497000
2021-02-01,44.43000030517578,44.83000183105469,44.02000045776367,44.70000076293945,43.06465530395508,1300300
2021-02-02,45.279998779296875,46.470001220703125,45.0,45.79999923706055,44.12440872192383,1391600
2021-02-03,45.59000015258789,46.4900016784668,45.380001068115234,46.029998779296875,44.34599304199219,1840400
2021-02-04,46.400001525878906,48.47999954223633,46.16999816894531,48.220001220703125,46.455867767333984,1468900
2021-02-05,48.630001068115234,48.849998474121094,47.61000061035156,47.72999954223633,45.983795166015625,1327900
2021-02-08,48.150001525878906,48.709999084472656,47.81999969482422,48.650001525878906,46.870140075683594,1105200
2021-02-09,49.11000061035156,49.70000076293945,48.369998931884766,49.59000015258789,47.775753021240234,1567000
2021-02-10,49.849998474121094,50.650001525878906,48.84000015258789,49.58000183105469,47.76611328125,1616400
2021-02-11,49.09000015258789,49.650001525878906,48.18000030517578,48.90999984741211,47.12063217163086,1052700
2021-02-12,48.689998626708984,49.869998931884766,48.689998626708984,49.58000183105469,47.76611328125,1114500
2021-02-16,50.11000061035156,51.810001373291016,49.959999084472656,51.29999923706055,49.42319107055664,1472800
2021-02-17,50.880001068115234,51.5099983215332,50.400001525878906,50.63999938964844,49.11284255981445,836200
2021-02-18,50.0099983215332,50.68000030517578,49.529998779296875,50.029998779296875,48.521236419677734,1083700
2021-02-19,50.599998474121094,51.93000030517578,50.599998474121094,51.70000076293945,50.140872955322266,1166400
2021-02-22,51.689998626708984,54.290000915527344,51.68000030517578,53.36000061035156,51.75081253051758,1854300
2021-02-23,53.93000030517578,54.369998931884766,53.09000015258789,54.16999816894531,52.53638458251953,1159100
2021-02-24,54.060001373291016,57.33000183105469,54.060001373291016,56.779998779296875,55.06768035888672,1662000
2021-02-25,57.15999984741211,57.70000076293945,54.349998474121094,54.56999969482422,52.92432403564453,1648500
2021-02-26,54.099998474121094,54.45000076293945,52.15999984741211,53.16999816894531,51.56654357910156,1710500
2021-03-01,53.83000183105469,55.25,53.790000915527344,54.790000915527344,53.13768768310547,1283500
2021-03-02,54.38999938964844,55.02000045776367,54.04999923706055,54.2400016784668,52.604278564453125,1027900
2021-03-03,54.2599983215332,56.29999923706055,54.099998474121094,54.2400016784668,52.604278564453125,1552700
2021-03-04,54.70000076293945,55.709999084472656,52.47999954223633,53.959999084472656,52.33272171020508,1568700
2021-03-05,55.36000061035156,56.880001068115234,53.43000030517578,55.790000915527344,54.1075325012207,2239500
2021-03-08,56.619998931884766,58.349998474121094,56.08000183105469,57.619998931884766,55.882347106933594,1431000
2021-03-09,56.439998626708984,57.4900016784668,54.72999954223633,56.45000076293945,54.74763107299805,1653300
2021-03-10,56.45000076293945,57.810001373291016,56.029998779296875,57.63999938964844,55.90174102783203,1333900
2021-03-11,56.27000045776367,58.060001373291016,55.97999954223633,57.4900016784668,55.756263732910156,1086600
2021-03-12,58.59000015258789,59.369998931884766,58.16999816894531,59.060001373291016,57.2789192199707,1386400
2021-03-15,58.91999816894531,58.91999816894531,56.84000015258789,57.720001220703125,55.979331970214844,1261700
2021-03-16,57.16999816894531,57.16999816894531,55.5099983215332,56.400001525878906,54.69913864135742,1075800
2021-03-17,57.369998931884766,58.36000061035156,56.16999816894531,56.75,55.03858184814453,1281800
2021-03-18,58.0099983215332,60.220001220703125,56.93000030517578,57.29999923706055,55.57199478149414,1816500
2021-03-19,56.5,57.650001525878906,55.650001525878906,56.45000076293945,54.74763107299805,4998100
2021-03-22,56.349998474121094,56.70000076293945,54.310001373291016,55.279998779296875,53.6129150390625,1539400
2021-03-23,54.790000915527344,55.220001220703125,53.18000030517578,53.58000183105469,51.964176177978516,1647400
2021-03-24,54.0099983215332,55.04999923706055,52.95000076293945,53.0099983215332,51.41136932373047,1539000
2021-03-25,52.900001525878906,54.9900016784668,52.18000030517578,54.7400016784668,53.089195251464844,1194300
2021-03-26,55.54999923706055,55.959999084472656,54.66999816894531,55.849998474121094,54.16571807861328,1257900
2021-03-29,54.939998626708984,55.400001525878906,53.25,53.88999938964844,52.264827728271484,1059700
2021-03-30,54.439998626708984,56.130001068115234,54.400001525878906,55.90999984741211,54.223915100097656,1225500
2021-03-31,55.2400016784668,55.970001220703125,54.939998626708984,54.959999084472656,53.30256271362305,1210800
2021-04-01,54.54999923706055,55.43000030517578,54.15999984741211,55.40999984741211,53.738990783691406,1157100
2021-04-05,56.0,56.36000061035156,54.900001525878906,55.33000183105469,53.661399841308594,1069500
2021-04-06,56.709999084472656,56.709999084472656,54.7400016784668,55.43000030517578,53.758384704589844,907300
2021-04-07,55.720001220703125,56.0099983215332,55.20000076293945,55.54999923706055,53.87477493286133,659000
2021-04-08,55.0,55.220001220703125,53.9900016784668,55.0,53.34135818481445,1319500
2021-04-09,55.810001373291016,56.29999923706055,55.36000061035156,55.939998626708984,54.25300216674805,981800
2021-04-12,55.900001525878906,56.720001220703125,55.900001525878906,56.58000183105469,54.87371063232422,914100
2021-04-13,55.959999084472656,56.34000015258789,54.88999938964844,55.529998779296875,53.855369567871094,1203100
2021-04-14,55.380001068115234,56.970001220703125,55.369998931884766,56.2400016784668,54.54396057128906,1033900
2021-04-15,56.45000076293945,56.45000076293945,54.7599983215332,55.810001373291016,54.126930236816406,1553700
2021-04-16,56.380001068115234,57.099998474121094,55.849998474121094,56.119998931884766,54.42757797241211,1122400
2021-04-19,56.22999954223633,57.029998779296875,55.560001373291016,56.0,54.31119918823242,1340900
2021-04-20,55.130001068115234,55.16999816894531,51.709999084472656,52.349998474121094,50.771270751953125,3262600
2021-04-21,52.08000183105469,53.720001220703125,51.630001068115234,53.650001525878906,52.03207015991211,1669000
2021-04-22,53.689998626708984,53.869998931884766,52.5,52.560001373291016,50.97494125366211,1461500
2021-04-23,52.40999984741211,54.72999954223633,52.2400016784668,54.27000045776367,52.63336944580078,2023000
2021-04-26,54.599998474121094,55.16999816894531,54.279998779296875,54.61000061035156,52.96311569213867,1228700
2021-04-27,54.70000076293945,55.20000076293945,54.47999954223633,55.150001525878906,53.48683547973633,1391800
2021-04-28,55.15999984741211,55.75,54.81999969482422,55.25,53.58382034301758,1113700
2021-04-29,56.150001525878906,56.720001220703125,55.779998779296875,56.36000061035156,54.66033935546875,1232100
2021-04-30,55.95000076293945,56.77000045776367,55.68000030517578,55.79999923706055,54.11722946166992,1338300
2021-05-03,56.45000076293945,56.619998931884766,55.18000030517578,55.84000015258789,54.15602493286133,1159700
2021-05-04,55.77000045776367,57.369998931884766,55.0,57.369998931884766,55.63988494873047,1592700
2021-05-05,57.380001068115234,58.75,56.709999084472656,58.220001220703125,56.46425247192383,1280500
2021-05-06,58.65999984741211,59.209999084472656,57.630001068115234,59.18000030517578,57.39529800415039,1266800
2021-05-07,57.58000183105469,59.380001068115234,57.31999969482422,59.27000045776367,57.48258590698242,1322800
2021-05-10,59.869998931884766,60.439998626708984,58.900001525878906,58.91999816894531,57.14313507080078,1255500
2021-05-11,58.56999969482422,60.189998626708984,58.29999923706055,58.540000915527344,56.77460479736328,1559000
2021-05-12,58.869998931884766,59.310001373291016,56.95000076293945,57.150001525878906,55.75031661987305,1338000
2021-05-13,56.209999084472656,59.380001068115234,56.099998474121094,59.08000183105469,57.633052825927734,1073700
2021-05-14,59.31999969482422,60.36000061035156,58.720001220703125,60.20000076293945,58.72562026977539,1015100
2021-05-17,58.08000183105469,60.40999984741211,58.040000915527344,60.27000045776367,58.793907165527344,1214900
2021-05-18,60.08000183105469,60.650001525878906,58.20000076293945,58.25,56.8233757019043,1647800
2021-05-19,57.970001220703125,57.970001220703125,56.18000030517578,57.41999816894531,56.013702392578125,1726800
2021-05-20,57.029998779296875,57.459999084472656,56.09000015258789,57.040000915527344,55.643009185791016,1297600
2021-05-21,57.099998474121094,58.66999816894531,57.099998474121094,58.099998474121094,56.67704391479492,1776400
2021-05-24,58.0099983215332,58.06999969482422,57.279998779296875,57.529998779296875,56.12100601196289,911200
2021-05-25,57.849998474121094,58.380001068115234,55.880001068115234,56.02000045776367,54.64799118041992,1375100
2021-05-26,55.95000076293945,56.84000015258789,55.65999984741211,56.720001220703125,55.330848693847656,1050400
2021-05-27,57.54999923706055,57.9900016784668,57.22999954223633,57.869998931884766,56.45267868041992,1009000
2021-05-28,57.75,57.959999084472656,57.099998474121094,57.880001068115234,56.462432861328125,903500
2021-06-01,58.290000915527344,58.72999954223633,57.790000915527344,58.130001068115234,56.70631408691406,750000
2021-06-02,58.650001525878906,58.650001525878906,57.5,58.18000030517578,56.755088806152344,751800
2021-06-03,58.31999969482422,59.2599983215332,58.0099983215332,58.290000915527344,56.862396240234375,1216300
2021-06-04,58.29999923706055,58.29999923706055,57.02000045776367,58.130001068115234,56.70631408691406,641500
2021-06-07,58.43000030517578,58.459999084472656,57.72999954223633,57.810001373291016,56.3941535949707,918600
2021-06-08,57.31999969482422,58.0,56.22999954223633,57.79999923706055,56.38439178466797,986700
2021-06-09,57.09000015258789,57.41999816894531,56.189998626708984,56.619998931884766,55.23329544067383,924800
2021-06-10,57.720001220703125,57.7400016784668,55.029998779296875,55.08000183105469,53.73101806640625,944600
2021-06-11,55.540000915527344,55.790000915527344,54.959999084472656,55.27000045776367,53.916358947753906,963700
2021-06-14,55.16999816894531,55.560001373291016,53.709999084472656,54.02000045776367,52.69697570800781,909000
2021-06-15,54.130001068115234,54.84000015258789,53.65999984741211,54.52000045776367,53.18472671508789,1032600
2021-06-16,54.15999984741211,55.810001373291016,53.40999984741211,55.130001068115234,53.779788970947266,1620800
2021-06-17,55.70000076293945,55.790000915527344,51.52000045776367,51.619998931884766,50.355751037597656,1730800
2021-06-18,50.66999816894531,51.189998626708984,49.790000915527344,50.29999923706055,49.06808090209961,3206800
2021-06-21,50.5,52.77000045776367,50.5,52.68000030517578,51.38978958129883,2082200
2021-06-22,52.7400016784668,53.130001068115234,51.66999816894531,52.81999969482422,51.52635955810547,1254500
2021-06-23,53.11000061035156,53.4900016784668,52.779998779296875,53.13999938964844,51.83852767944336,1133900
2021-06-24,53.47999954223633,54.43000030517578,52.83000183105469,54.209999084472656,52.88231658935547,1346500
2021-06-25,54.2400016784668,55.84000015258789,53.97999954223633,55.47999954223633,54.1212158203125,2221400
2021-06-28,55.470001220703125,55.470001220703125,53.150001525878906,53.45000076293945,52.140933990478516,1049800
2021-06-29,53.939998626708984,54.41999816894531,52.45000076293945,52.70000076293945,51.4093017578125,714900
2021-06-30,52.27000045776367,53.09000015258789,52.25,52.86000061035156,51.56538391113281,998100
2021-07-01,53.689998626708984,54.02000045776367,52.91999816894531,53.81999969482422,52.50187301635742,1021100
2021-07-02,53.5,53.709999084472656,53.15999984741211,53.2599983215332,51.95558547973633,799300
2021-07-06,53.02000045776367,53.02000045776367,51.099998474121094,51.720001220703125,50.453304290771484,902400
2021-07-07,50.9900016784668,51.970001220703125,50.77000045776367,51.310001373291016,50.053348541259766,1139800
2021-07-08,50.11000061035156,50.70000076293945,49.38999938964844,49.84000015258789,48.619346618652344,1690100
2021-07-09,51.16999816894531,52.349998474121094,50.970001220703125,52.290000915527344,51.00934600830078,1504200
2021-07-12,51.529998779296875,52.70000076293945,50.7400016784668,52.59000015258789,51.302001953125,1183100
2021-07-13,52.54999923706055,52.630001068115234,51.22999954223633,51.40999984741211,50.15089797973633,1062200
2021-07-14,51.47999954223633,52.400001525878906,50.439998626708984,51.36000061035156,50.10212326049805,1119300
2021-07-15,50.720001220703125,52.209999084472656,50.279998779296875,51.66999816894531,50.4045295715332,1138700
2021-07-16,51.9900016784668,51.9900016784668,49.400001525878906,49.599998474121094,48.385223388671875,1533200
2021-07-19,48.27000045776367,48.63999938964844,47.060001373291016,47.70000076293945,46.531761169433594,2170000
2021-07-20,48.459999084472656,51.61000061035156,48.060001373291016,50.20000076293945,48.97052764892578,3870400
2021-07-21,50.77000045776367,52.75,50.40999984741211,51.63999938964844,50.37525939941406,2099100
2021-07-22,51.470001220703125,51.470001220703125,50.029998779296875,50.31999969482422,49.087589263916016,1283400
2021-07-23,51.09000015258789,51.63999938964844,50.459999084472656,50.86000061035156,49.61437225341797,1082300
2021-07-26,50.939998626708984,51.970001220703125,50.939998626708984,51.47999954223633,50.21918487548828,1252700
2021-07-27,50.95000076293945,51.709999084472656,50.45000076293945,51.68000030517578,50.41428756713867,1424300
2021-07-28,51.97999954223633,52.81999969482422,51.310001373291016,52.36000061035156,51.07762908935547,1518000
2021-07-29,52.95000076293945,53.619998931884766,52.20000076293945,52.84000015258789,51.545875549316406,1429400
2021-07-30,52.75,53.5,52.0099983215332,52.150001525878906,50.87277603149414,1283700
2021-08-02,52.349998474121094,53.939998626708984,51.58000183105469,51.630001068115234,50.36550521850586,1104300
2021-08-03,52.099998474121094,53.040000915527344,50.79999923706055,52.7400016784668,51.44832229614258,938600
2021-08-04,51.939998626708984,53.20000076293945,51.58000183105469,52.22999954223633,50.95081329345703,1059500
2021-08-05,52.650001525878906,53.400001525878906,52.630001068115234,53.119998931884766,51.81901550292969,1074900
2021-08-06,54.029998779296875,55.7599983215332,54.029998779296875,54.9900016784668,53.643218994140625,1641200
2021-08-09,54.619998931884766,55.400001525878906,54.15999984741211,54.54999923706055,53.213993072509766,1327500
2021-08-10,54.029998779296875,55.54999923706055,53.70000076293945,55.31999969482422,53.96513366699219,1185100
2021-08-11,54.869998931884766,55.97999954223633,54.2400016784668,55.959999084472656,54.967037200927734,1240800
2021-08-12,56.18000030517578,56.459999084472656,55.47999954223633,55.939998626708984,54.947391510009766,664100
2021-08-13,56.310001373291016,56.349998474121094,55.25,55.40999984741211,54.426795959472656,631500
2021-08-16,54.880001068115234,55.33000183105469,54.31999969482422,55.040000915527344,54.06336212158203,791800
2021-08-17,54.47999954223633,54.970001220703125,53.33000183105469,54.36000061035156,53.39542770385742,883800
2021-08-18,54.040000915527344,54.81999969482422,53.58000183105469,53.63999938964844,52.68820571899414,908100
2021-08-19,52.9900016784668,53.54999923706055,52.5099983215332,53.16999816894531,52.22654342651367,1051000
2021-08-20,53.02000045776367,54.029998779296875,52.75,53.869998931884766,52.914119720458984,1342400
2021-08-23,54.36000061035156,55.02000045776367,54.34000015258789,54.849998474121094,53.87672805786133,752000
2021-08-24,55.0,55.849998474121094,55.0,55.79999923706055,54.80987548828125,785000
2021-08-25,56.150001525878906,57.369998931884766,55.880001068115234,56.7400016784668,55.73320007324219,914100
2021-08-26,56.97999954223633,57.16999816894531,55.650001525878906,55.75,54.76076126098633,1068700
2021-08-27,56.31999969482422,58.619998931884766,55.970001220703125,58.54999923706055,57.511077880859375,2410600
2021-08-30,57.84000015258789,58.150001525878906,57.06999969482422,57.20000076293945,56.185035705566406,1777400
2021-08-31,57.43000030517578,58.27000045776367,57.13999938964844,57.900001525878906,56.872615814208984,1658000
2021-09-01,57.25,58.0,56.95000076293945,57.16999816894531,56.15556716918945,1305900
2021-09-02,57.220001220703125,57.86000061035156,56.95000076293945,57.150001525878906,56.135921478271484,792700
2021-09-03,57.33000183105469,57.86000061035156,56.779998779296875,57.119998931884766,56.10645294189453,1291000
2021-09-07,57.380001068115234,58.349998474121094,57.2599983215332,57.5,56.479713439941406,1060300
2021-09-08,57.310001373291016,57.72999954223633,56.43000030517578,56.5,55.497459411621094,1142200
2021-09-09,56.40999984741211,58.290000915527344,56.22999954223633,57.560001373291016,56.53864669799805,1433300
2021-09-10,57.79999923706055,58.290000915527344,57.15999984741211,57.380001068115234,56.361839294433594,1281400
2021-09-13,58.119998931884766,58.77000045776367,57.560001373291016,58.310001373291016,57.27533721923828,1264000
2021-09-14,58.34000015258789,58.939998626708984,56.65999984741211,56.86000061035156,55.85106658935547,1374400
2021-09-15,58.0099983215332,58.290000915527344,57.02000045776367,57.97999954223633,56.951194763183594,1262300
2021-09-16,58.27000045776367,58.7599983215332,57.540000915527344,57.70000076293945,56.67616271972656,996300
2021-09-17,57.4900016784668,58.310001373291016,56.83000183105469,57.09000015258789,56.07698440551758,2383800
2021-09-20,55.349998474121094,55.75,54.369998931884766,55.66999816894531,54.68218231201172,1411900
2021-09-21,56.91999816894531,56.91999816894531,54.9900016784668,55.369998931884766,54.38750457763672,1198500
2021-09-22,56.099998474121094,57.63999938964844,56.099998474121094,56.90999984741211,55.90018081665039,1457000
2021-09-23,57.52000045776367,60.02000045776367,57.52000045776367,59.36000061035156,58.306705474853516,1789100
2021-09-24,59.18000030517578,60.65999984741211,59.18000030517578,60.25,59.180912017822266,981200
2021-09-27,61.060001373291016,63.13999938964844,61.060001373291016,62.88999938964844,61.774070739746094,1362900
2021-09-28,63.040000915527344,63.47999954223633,62.38999938964844,62.7400016784668,61.626731872558594,1128400
2021-09-29,62.72999954223633,63.970001220703125,62.41999816894531,63.7400016784668,62.608985900878906,1425200
2021-09-30,64.0,64.0,61.720001220703125,61.88999938964844,60.791812896728516,1462600
2021-10-01,62.20000076293945,64.11000061035156,62.04999923706055,63.650001525878906,62.52058410644531,1270700
2021-10-04,63.47999954223633,64.43000030517578,63.439998626708984,63.79999923706055,62.66792297363281,1170700
2021-10-05,64.45999908447266,64.6500015258789,63.290000915527344,63.459999084472656,62.333953857421875,1380400
2021-10-06,62.97999954223633,63.04999923706055,61.25,62.79999923706055,61.685665130615234,1084600
2021-10-07,63.369998931884766,63.84000015258789,62.65999984741211,63.06999969482422,61.95087432861328,1060700
2021-10-08,62.93000030517578,63.90999984741211,62.84000015258789,63.470001220703125,62.343780517578125,679600
2021-10-11,64.08000183105469,64.41000366210938,62.400001525878906,62.439998626708984,61.332054138183594,800900
2021-10-12,62.18000030517578,62.779998779296875,61.779998779296875,62.709999084472656,61.59726333618164,1083000
2021-10-13,62.7400016784668,62.7400016784668,60.650001525878906,62.13999938964844,61.037376403808594,970600
2021-10-14,62.970001220703125,63.02000045776367,62.040000915527344,62.63999938964844,61.52850341796875,904600
2021-10-15,63.43000030517578,63.59000015258789,62.040000915527344,62.13999938964844,61.037376403808594,1473800
2021-10-18,61.95000076293945,63.189998626708984,61.95000076293945,62.22999954223633,61.12578201293945,1288200
2021-10-19,61.40999984741211,63.33000183105469,60.47999954223633,63.25,62.127681732177734,2185200
2021-10-20,62.84000015258789,65.12999725341797,62.7400016784668,65.0999984741211,63.94485092163086,1518300
2021-10-21,65.01000213623047,65.29000091552734,63.33000183105469,64.56999969482422,63.42426300048828,988500
2021-10-22,64.87000274658203,66.63999938964844,64.70999908447266,66.38999938964844,65.21196746826172,1524100
2021-10-25,66.88999938964844,66.98999786376953,65.55999755859375,66.12000274658203,64.9467544555664,1144200
2021-10-26,66.30999755859375,66.58999633789062,65.2300033569336,65.29000091552734,64.13148498535156,1004100
2021-10-27,64.48999786376953,64.73999786376953,62.849998474121094,62.880001068115234,61.764251708984375,1457900
2021-10-28,63.06999969482422,63.84000015258789,62.369998931884766,62.869998931884766,61.754425048828125,1803800
2021-10-29,63.119998931884766,63.790000915527344,62.91999816894531,62.9900016784668,61.87229537963867,1151500
2021-11-01,63.54999923706055,64.91999816894531,63.40999984741211,64.19000244140625,63.051002502441406,1344000
2021-11-02,64.01000213623047,64.63999938964844,63.650001525878906,63.93000030517578,62.795616149902344,1014200
2021-11-03,63.54999923706055,66.23999786376953,63.22999954223633,65.77999877929688,64.61279296875,1670700
2021-11-04,65.77999877929688,65.77999877929688,63.81999969482422,64.29000091552734,63.149227142333984,1537600
2021-11-05,64.45999908447266,65.8499984741211,64.30000305175781,64.80999755859375,63.65999984741211,1064800
2021-11-08,65.05999755859375,66.12999725341797,64.81999969482422,65.36000061035156,64.20024871826172,939500
2021-11-09,64.31999969482422,65.30999755859375,63.380001068115234,65.1500015258789,64.36820220947266,1306800
2021-11-10,65.18000030517578,65.79000091552734,64.68000030517578,65.06999969482422,64.2891616821289,1288100
2021-11-11,65.18000030517578,66.45999908447266,65.0199966430664,65.88999938964844,65.09931945800781,884200
2021-11-12,65.7300033569336,66.0999984741211,64.94999694824219,65.4800033569336,64.69424438476562,796900
2021-11-15,65.77999877929688,66.55999755859375,65.61000061035156,66.3499984741211,65.55380249023438,845600
2021-11-16,66.25,67.06999969482422,65.94999694824219,66.44000244140625,65.6427230834961,1183300
2021-11-17,66.80000305175781,66.98999786376953,65.47000122070312,66.29000091552734,65.49452209472656,1119400
2021-11-18,66.33999633789062,66.79000091552734,65.77999877929688,66.22000122070312,65.42536163330078,1130300
2021-11-19,64.87999725341797,65.95999908447266,64.0999984741211,65.41000366210938,64.62508392333984,1372500
2021-11-22,65.7300033569336,67.55999755859375,65.11000061035156,66.25,65.45500183105469,972600
2021-11-23,66.86000061035156,67.75,66.55000305175781,67.61000061035156,66.7986831665039,933200
2021-11-24,67.47000122070312,68.25,67.27999877929688,67.48999786376953,66.68012237548828,977900
2021-11-26,64.7300033569336,64.87999725341797,62.81999969482422,64.16999816894531,63.39996337890625,1524700
2021-11-29,65.36000061035156,65.66999816894531,63.83000183105469,64.91000366210938,64.1310806274414,1662400
2021-11-30,63.540000915527344,64.27999877929688,62.709999084472656,63.08000183105469,62.32304382324219,1722600
2021-12-01,64.4000015258789,65.2699966430664,62.349998474121094,62.369998931884766,61.62156295776367,2476900
2021-12-02,62.9900016784668,64.45999908447266,62.400001525878906,64.05000305175781,63.281402587890625,1745400
2021-12-03,64.4000015258789,64.4000015258789,61.2400016784668,61.90999984741211,61.16707992553711,1407900
2021-12-06,63.119998931884766,65.05000305175781,62.63999938964844,63.869998931884766,63.10356140136719,1760000
2021-12-07,64.44999694824219,65.01000213623047,63.939998626708984,64.44000244140625,63.666725158691406,942000
2021-12-08,64.56999969482422,64.75,63.08000183105469,63.36000061035156,62.59968185424805,985100
2021-12-09,63.02000045776367,64.18000030517578,62.470001220703125,63.0099983215332,62.25387954711914,1246300
2021-12-10,63.43000030517578,63.709999084472656,62.189998626708984,63.209999084472656,62.451480865478516,538200
2021-12-13,62.91999816894531,63.25,61.040000915527344,61.16999816894531,60.43595886230469,1380700
2021-12-14,61.25,62.4900016784668,61.119998931884766,62.27000045776367,61.522762298583984,1633300
2021-12-15,62.43000030517578,63.15999984741211,61.52000045776367,62.7599983215332,62.00688171386719,1389600
2021-12-16,63.599998474121094,64.30000305175781,62.779998779296875,63.470001220703125,62.7083625793457,1583400
2021-12-17,63.36000061035156,63.36000061035156,60.90999984741211,61.20000076293945,60.46560287475586,3901400
2021-12-20,60.22999954223633,60.22999954223633,58.18000030517578,59.400001525878906,58.68720626831055,1478800
2021-12-21,60.22999954223633,61.79999923706055,60.22999954223633,61.650001525878906,60.91020202636719,975200
2021-12-22,61.290000915527344,62.060001373291016,61.060001373291016,61.86000061035156,61.11768341064453,818600
2021-12-23,62.41999816894531,63.09000015258789,62.209999084472656,62.36000061035156,61.6116828918457,572000
2021-12-27,62.41999816894531,63.060001373291016,61.720001220703125,63.0099983215332,62.25387954711914,495500
2021-12-28,62.810001373291016,63.529998779296875,62.630001068115234,63.11000061035156,62.352684020996094,497200
2021-12-29,63.279998779296875,63.88999938964844,62.7400016784668,63.45000076293945,62.688602447509766,691600
2021-12-30,63.45000076293945,64.12000274658203,63.06999969482422,63.130001068115234,62.37244415283203,413100
2021-12-31,62.869998931884766,63.41999816894531,62.54999923706055,63.15999984741211,62.40208053588867,552900
2022-01-03,63.880001068115234,65.05999755859375,63.72999954223633,64.23999786376953,63.469120025634766,1218000
2022-01-04,66.11000061035156,66.94999694824219,65.1500015258789,66.06999969482422,65.27716064453125,1355900
2022-01-05,66.47000122070312,67.33999633789062,66.08000183105469,66.22000122070312,65.42536163330078,1113800
2022-01-06,67.0999984741211,69.18000030517578,66.31999969482422,68.94000244140625,68.11272430419922,1439600
2022-01-07,69.18000030517578,70.38999938964844,68.38999938964844,70.08999633789062,69.24891662597656,1289200
2022-01-10,70.68000030517578,71.20999908447266,68.61000061035156,69.55999755859375,68.72528076171875,1577900
2022-01-11,70.12000274658203,70.29000091552734,68.62999725341797,70.22000122070312,69.37736511230469,851600
2022-01-12,70.52999877929688,71.0,69.76000213623047,70.20999908447266,69.36747741699219,1014400
2022-01-13,70.44999694824219,71.18000030517578,69.87999725341797,70.05999755859375,69.21927642822266,1474800
2022-01-14,69.66000366210938,70.76000213623047,68.69999694824219,70.6500015258789,69.80220794677734,1546600
2022-01-18,70.70999908447266,70.83000183105469,69.12000274658203,69.43000030517578,68.59684753417969,1018100
2022-01-19,69.69999694824219,69.69999694824219,65.98999786376953,66.16999816894531,65.37596130371094,1939400
2022-01-20,66.36000061035156,66.9000015258789,64.08000183105469,64.2300033569336,63.45924758911133,1186500
2022-01-21,63.560001373291016,63.709999084472656,61.279998779296875,61.75,61.009002685546875,1996000
2022-01-24,60.540000915527344,63.04999923706055,59.4900016784668,62.77000045776367,62.016761779785156,2327900
2022-01-25,63.25,67.44000244140625,62.91999816894531,66.4800033569336,65.68224334716797,3832600
2022-01-26,67.36000061035156,68.43000030517578,66.06999969482422,67.19999694824219,66.39360046386719,2315800
2022-01-27,67.94999694824219,69.0999984741211,66.30000305175781,66.98999786376953,66.18611907958984,1781200
2022-01-28,66.79000091552734,68.18000030517578,66.25,68.1500015258789,67.33220672607422,2186800
2022-01-31,67.66000366210938,68.55000305175781,66.63999938964844,67.81999969482422,67.00615692138672,1503400
2022-02-01,67.62000274658203,69.12000274658203,67.2300033569336,69.05000305175781,68.22140502929688,1158000
2022-02-02,68.9000015258789,69.5199966430664,68.16999816894531,69.30000305175781,68.4684066772461,948100
2022-02-03,69.19000244140625,70.83000183105469,68.5199966430664,68.9000015258789,68.07320404052734,1243100
2022-02-04,69.30000305175781,71.83999633789062,69.05999755859375,71.16999816894531,70.31595611572266,1207400
2022-02-07,71.33999633789062,72.05999755859375,70.69999694824219,71.6500015258789,70.79020690917969,809400
2022-02-08,72.43000030517578,74.33999633789062,71.80000305175781,73.97000122070312,73.08236694335938,1998800
2022-02-09,73.86000061035156,73.94000244140625,72.5999984741211,72.94000244140625,72.0647201538086,1351700
2022-02-10,73.30000305175781,75.44000244140625,73.0999984741211,74.12000274658203,73.2305679321289,2554400
2022-02-11,73.45999908447266,75.16000366210938,72.62000274658203,73.22000122070312,72.34136199951172,1226200
2022-02-14,74.27999877929688,75.29000091552734,71.48999786376953,72.36000061035156,71.49168395996094,2020800
2022-02-15,73.37000274658203,74.86000061035156,72.88999938964844,74.30999755859375,73.41827392578125,1631400
2022-02-16,73.43000030517578,74.8499984741211,73.19999694824219,73.91000366210938,73.39842224121094,1230700
2022-02-17,73.29000091552734,73.3499984741211,71.0199966430664,71.22000122070312,70.72704315185547,1110000
2022-02-18,70.88999938964844,71.91999816894531,70.48999786376953,70.72000122070312,70.23049926757812,1701600
2022-02-22,70.48999786376953,71.8499984741211,70.23999786376953,70.88999938964844,70.39932250976562,1223400
2022-02-23,71.48999786376953,71.95999908447266,69.25,69.70999908447266,69.22749328613281,1148800
2022-02-24,66.55999755859375,67.13999938964844,63.90999984741211,66.97000122070312,66.50646209716797,2880200
2022-02-25,67.31999969482422,71.44000244140625,67.31999969482422,70.98999786376953,70.49862670898438,1941000
2022-02-28,68.77999877929688,70.98999786376953,68.5999984741211,70.88999938964844,70.39932250976562,1732500
2022-03-01,70.2699966430664,70.2699966430664,64.23999786376953,64.94000244140625,64.49050903320312,3224100
2022-03-02,65.86000061035156,69.75,65.61000061035156,68.37999725341797,67.90669250488281,1935100
2022-03-03,68.58999633789062,69.5999984741211,67.37999725341797,68.0,67.52932739257812,1874000
2022-03-04,66.61000061035156,66.61000061035156,64.4800033569336,65.38999938964844,64.93739318847656,1760600
2022-03-07,64.51000213623047,65.29000091552734,62.20000076293945,62.22999954223633,61.79926681518555,1815500
2022-03-08,63.099998474121094,64.55999755859375,61.75,62.45000076293945,62.01774215698242,1698600
2022-03-09,64.98999786376953,65.98999786376953,64.0999984741211,65.12999725341797,64.67919158935547,1409100
2022-03-10,64.48999786376953,65.87000274658203,63.709999084472656,64.5199966430664,64.07341003417969,1230600
2022-03-11,65.06999969482422,66.41999816894531,64.12000274658203,64.20999908447266,63.765560150146484,1138200
2022-03-14,65.54000091552734,66.80000305175781,64.55000305175781,65.0,64.55009460449219,1525200
2022-03-15,65.27999877929688,65.95999908447266,64.13999938964844,65.36000061035156,64.90760040283203,1117400
2022-03-16,66.44999694824219,68.98999786376953,65.94999694824219,68.86000061035156,68.38337707519531,1999400
2022-03-17,67.05000305175781,68.45999908447266,66.08999633789062,68.33999633789062,67.86697387695312,1884600
2022-03-18,68.16999816894531,68.30999755859375,65.70999908447266,67.8499984741211,67.38036346435547,4135800
2022-03-21,68.33000183105469,69.26000213623047,66.73999786376953,67.76000213623047,67.2909927368164,1779800
2022-03-22,68.91000366210938,70.04000091552734,68.44999694824219,69.52999877929688,69.04873657226562,1805000
2022-03-23,68.73999786376953,69.04000091552734,67.54000091552734,67.69999694824219,67.23139953613281,1498600
2022-03-24,68.16000366210938,68.69999694824219,67.55999755859375,68.58000183105469,68.10531616210938,1329500
2022-03-25,68.66000366210938,71.16999816894531,68.55999755859375,71.08000183105469,70.5880126953125,1996200
2022-03-28,70.61000061035156,70.72000122070312,68.62000274658203,69.7300033569336,69.24736022949219,1344300
2022-03-29,70.97000122070312,71.25,69.29000091552734,69.73999786376953,69.25727844238281,1257700
2022-03-30,69.87000274658203,69.9800033569336,66.26000213623047,67.37000274658203,66.90369415283203,1257100
2022-03-31,67.2300033569336,67.7699966430664,65.52999877929688,65.55999755859375,65.10621643066406,1578300
2022-04-01,66.61000061035156,67.25,64.2699966430664,64.30000305175781,63.854942321777344,2479500
2022-04-04,64.29000091552734,64.95999908447266,62.77000045776367,64.0999984741211,63.65632247924805,1220400
2022-04-05,64.05999755859375,64.93000030517578,63.790000915527344,64.4000015258789,63.954246520996094,1384200
2022-04-06,64.01000213623047,64.4000015258789,63.16999816894531,63.66999816894531,63.22929763793945,1568200
2022-04-07,63.56999969482422,63.95000076293945,62.0099983215332,63.18000030517578,62.74269104003906,1093500
2022-04-08,63.68000030517578,64.33000183105469,63.02000045776367,63.88999938964844,63.447776794433594,889300
2022-04-11,63.959999084472656,65.62999725341797,63.84000015258789,64.2300033569336,63.78542709350586,939800
2022-04-12,63.72999954223633,65.13999938964844,62.560001373291016,63.220001220703125,62.782413482666016,816600
2022-04-13,62.560001373291016,64.04000091552734,62.16999816894531,64.0199966430664,63.576873779296875,964100
2022-04-14,63.709999084472656,64.31999969482422,62.650001525878906,62.91999816894531,62.48448944091797,1138300
2022-04-18,63.06999969482422,64.06999969482422,62.84000015258789,63.68000030517578,63.23923110961914,1167400
2022-04-19,64.01000213623047,65.6500015258789,63.84000015258789,65.52999877929688,65.07642364501953,1079600
2022-04-20,65.68000030517578,66.9000015258789,65.18000030517578,65.22000122070312,64.76856994628906,1826700
2022-04-21,66.05999755859375,66.1500015258789,61.77000045776367,62.22999954223633,61.79926681518555,1966800
2022-04-22,62.189998626708984,62.52000045776367,60.560001373291016,60.7400016784668,60.319580078125,1967400
2022-04-25,59.369998931884766,61.2400016784668,58.77000045776367,61.09000015258789,60.66715621948242,2811400
2022-04-26,56.84000015258789,58.41999816894531,55.04999923706055,55.83000183105469,55.443565368652344,4341400
2022-04-27,55.279998779296875,56.77000045776367,55.060001373291016,56.0099983215332,55.622318267822266,1986800
2022-04-28,56.65999984741211,58.33000183105469,55.91999816894531,57.9900016784668,57.58861541748047,1902800
2022-04-29,57.849998474121094,58.40999984741211,56.27000045776367,56.5099983215332,56.11885452270508,1745100
2022-05-02,57.099998474121094,57.61000061035156,55.619998931884766,57.0099983215332,56.615394592285156,1416800
2022-05-03,57.380001068115234,58.2599983215332,56.97999954223633,57.470001220703125,57.07221221923828,1497200
2022-05-04,57.790000915527344,59.5099983215332,57.36000061035156,59.47999954223633,59.06829833984375,1752600
2022-05-05,58.72999954223633,58.790000915527344,55.9900016784668,57.40999984741211,57.01262664794922,1375200
2022-05-06,57.18000030517578,57.33000183105469,55.27000045776367,55.90999984741211,55.52301025390625,1168500
2022-05-09,55.09000015258789,55.689998626708984,54.22999954223633,55.15999984741211,54.778202056884766,1887500
2022-05-10,55.47999954223633,56.119998931884766,52.88999938964844,53.88999938964844,53.516990661621094,1485700
2022-05-11,54.029998779296875,55.63999938964844,53.380001068115234,53.45000076293945,53.080039978027344,1291100
2022-05-12,53.209999084472656,53.9900016784668,52.18000030517578,53.47999954223633,53.10982894897461,1603300
2022-05-13,53.91999816894531,54.439998626708984,52.849998474121094,53.560001373291016,53.18927764892578,1486000
2022-05-16,53.529998779296875,53.650001525878906,52.34000015258789,52.93000030517578,52.563636779785156,1105100
2022-05-17,53.9900016784668,55.11000061035156,53.77000045776367,54.900001525878906,54.52000427246094,1055600
2022-05-18,54.040000915527344,54.060001373291016,52.59000015258789,53.0,53.0,1058800
2022-05-19,52.27000045776367,53.20000076293945,51.4900016784668,52.060001373291016,52.060001373291016,2119000
2022-05-20,52.599998474121094,53.13999938964844,50.619998931884766,51.9900016784668,51.9900016784668,1504600
2022-05-23,52.81999969482422,54.61000061035156,52.79999923706055,54.29999923706055,54.29999923706055,1488000
2022-05-24,54.08000183105469,54.18000030517578,52.560001373291016,53.540000915527344,53.540000915527344,1221200
2022-05-25,53.5,55.310001373291016,53.31999969482422,54.959999084472656,54.959999084472656,1853800
2022-05-26,55.380001068115234,56.68000030517578,55.220001220703125,56.38999938964844,56.38999938964844,1057900
2022-05-27,56.43000030517578,57.09000015258789,56.060001373291016,57.040000915527344,57.040000915527344,1071100
2022-05-31,56.4900016784668,57.52000045776367,55.59000015258789,57.040000915527344,57.040000915527344,1720600
